OrderID,OrderDate,CustomerID,Restaurant,City,CuisineType,PartnerID,VehicleType,OrderValue,PrepTime_Min,DeliveryTime_Min,TrafficLevel,CustomerRating,OrderStatus
1001,2026-01-14,C280,KFC,Kolkata,Fast Food,P103,Scooter,232,16,25,Low,5,Delivered
1002,2026-03-06,C014,KFC,Kolkata,Fast Food,P118,Bike,933,15,28,Low,5,Delivered
1003,2026-01-01,C082,Subway,Kolkata,Sandwiches,P114,Scooter,484,22,28,Medium,5,Delivered
1004,2026-01-14,C048,Dominos,Kolkata,Pizza,P113,Bike,567,18,27,Low,5,Delivered
1005,2026-02-18,C041,Pizza Hut,Kolkata,Pizza,P118,Scooter,1049,9,37,Medium,4,Delivered
1006,2026-03-15,C099,Subway,Kolkata,Sandwiches,P103,Bike,877,19,47,High,3,Delivered
1007,2026-02-28,C187,Dominos,Kolkata,Pizza,P106,Scooter,563,10,70,High,1,Cancelled
1008,2026-03-19,C088,Dominos,Kolkata,Pizza,P118,Bike,367,10,36,Medium,4,Delivered
1009,2026-01-08,C118,Burger King,Kolkata,Burgers,P102,Scooter,610,25,39,Medium,4,Delivered
1010,2026-01-28,C256,Pizza Hut,Kolkata,Pizza,P113,Scooter,346,18,30,Low,4,Delivered
1011,2026-02-24,C299,Pizza Hut,Kolkata,Pizza,P113,Scooter,424,25,15,Low,5,Delivered
1012,2026-01-07,C057,Dominos,Kolkata,Pizza,P105,Bike,1011,10,43,Medium,4,Delivered
1013,2026-03-09,C129,Burger King,Kolkata,Burgers,P118,Bike,896,20,23,Medium,5,Delivered
1014,2026-02-04,C175,KFC,Kolkata,Fast Food,P104,Scooter,645,25,51,Medium,3,Delivered
1015,2026-03-06,C055,Dominos,Kolkata,Pizza,P110,Bike,356,16,56,Medium,2,Delivered
1016,2026-03-09,C001,Pizza Hut,Kolkata,Pizza,P120,Scooter,700,25,53,High,3,Delivered
1017,2026-02-09,C123,KFC,Kolkata,Fast Food,P102,Bike,1099,19,33,Low,4,Delivered
1018,2026-03-04,C036,Subway,Kolkata,Sandwiches,P118,Bike,331,10,47,High,3,Delivered
1019,2026-02-24,C109,Burger King,Kolkata,Burgers,P118,Bike,930,13,53,High,3,Delivered
1020,2026-02-26,C265,Pizza Hut,Kolkata,Pizza,P115,Bike,453,19,50,Medium,3,Delivered
1021,2026-01-29,C004,Dominos,Kolkata,Pizza,P103,Bike,434,8,29,Low,5,Delivered
1022,2026-01-10,C264,KFC,Kolkata,Fast Food,P108,Scooter,885,18,52,High,3,Delivered
1023,2026-03-15,C243,Burger King,Kolkata,Burgers,P108,Scooter,1026,12,22,Low,5,Delivered
1024,2026-03-26,C221,Burger King,Kolkata,Burgers,P112,Scooter,620,11,15,Low,5,Delivered
1025,2026-01-13,C032,Burger King,Kolkata,Burgers,P113,Scooter,1019,9,46,High,3,Delivered
1026,2026-03-10,C230,KFC,Kolkata,Fast Food,P105,Scooter,387,14,15,Low,5,Delivered
1027,2026-03-12,C051,Pizza Hut,Kolkata,Pizza,P102,Bike,1192,10,26,Medium,5,Delivered
1028,2026-01-22,C209,KFC,Kolkata,Fast Food,P116,Scooter,418,15,59,High,2,Delivered
1029,2026-02-03,C233,Burger King,Kolkata,Burgers,P110,Scooter,913,13,42,High,4,Delivered
1030,2026-01-20,C098,Subway,Kolkata,Sandwiches,P110,Bike,1191,23,50,Medium,3,Delivered
1031,2026-01-07,C300,KFC,Kolkata,Fast Food,P116,Bike,258,25,42,Medium,4,Delivered
1032,2026-01-09,C035,Subway,Kolkata,Sandwiches,P108,Scooter,322,13,26,Low,5,Delivered
1033,2026-03-16,C290,Subway,Kolkata,Sandwiches,P117,Scooter,1157,9,20,Low,5,Delivered
1034,2026-01-31,C136,Pizza Hut,Kolkata,Pizza,P113,Bike,887,18,20,Low,5,Delivered
1035,2026-03-14,C052,Pizza Hut,Kolkata,Pizza,P103,Bike,718,10,46,Medium,3,Delivered
1036,2026-01-09,C126,Pizza Hut,Kolkata,Pizza,P112,Scooter,361,19,25,Low,5,Delivered
1037,2026-03-25,C271,Burger King,Kolkata,Burgers,P101,Scooter,1154,17,41,High,4,Delivered
1038,2026-02-03,C060,KFC,Kolkata,Fast Food,P104,Bike,478,12,43,High,4,Delivered
1039,2026-02-03,C259,Pizza Hut,Kolkata,Pizza,P116,Scooter,1127,18,40,Medium,4,Delivered
1040,2026-02-05,C023,KFC,Kolkata,Fast Food,P101,Scooter,989,21,33,Low,4,Delivered
1041,2026-02-24,C288,Dominos,Kolkata,Pizza,P101,Bike,277,16,49,Medium,3,Delivered
1042,2026-03-16,C283,Dominos,Kolkata,Pizza,P105,Scooter,330,19,51,Medium,3,Delivered
1043,2026-02-01,C053,KFC,Kolkata,Fast Food,P112,Scooter,1197,9,41,Medium,4,Delivered
1044,2026-01-21,C091,Subway,Kolkata,Sandwiches,P114,Bike,383,15,52,High,3,Delivered
1045,2026-02-01,C137,Pizza Hut,Kolkata,Pizza,P106,Bike,591,21,58,High,2,Delivered
1046,2026-01-26,C236,KFC,Kolkata,Fast Food,P112,Scooter,1040,15,43,High,4,Delivered
1047,2026-01-09,C143,Dominos,Kolkata,Pizza,P112,Scooter,895,14,29,Low,5,Delivered
1048,2026-01-15,C134,Subway,Kolkata,Sandwiches,P106,Scooter,239,8,40,Medium,4,Delivered
1049,2026-03-19,C262,KFC,Kolkata,Fast Food,P104,Scooter,1121,19,37,Medium,4,Delivered
1050,2026-02-25,C001,Subway,Kolkata,Sandwiches,P117,Bike,572,9,19,Low,5,Delivered
1051,2026-01-16,C154,Burger King,Kolkata,Burgers,P117,Scooter,882,18,18,Low,5,Delivered
1052,2026-03-12,C066,Burger King,Kolkata,Burgers,P107,Scooter,880,17,31,Medium,4,Delivered
1053,2026-03-12,C001,Burger King,Kolkata,Burgers,P110,Scooter,415,13,34,Medium,4,Delivered
1054,2026-03-01,C227,Burger King,Kolkata,Burgers,P115,Bike,723,18,51,High,3,Delivered
1055,2026-03-26,C172,Burger King,Kolkata,Burgers,P103,Bike,888,13,52,High,3,Delivered
1056,2026-01-19,C013,Pizza Hut,Kolkata,Pizza,P102,Bike,686,14,20,Low,5,Delivered
1057,2026-03-15,C100,Subway,Kolkata,Sandwiches,P113,Scooter,609,10,42,High,4,Delivered
1058,2026-01-14,C218,Dominos,Kolkata,Pizza,P108,Bike,1023,8,36,Low,4,Delivered
1059,2026-02-28,C069,Subway,Kolkata,Sandwiches,P115,Scooter,1172,25,38,Medium,4,Delivered
1060,2026-02-24,C281,Burger King,Kolkata,Burgers,P115,Bike,961,24,49,Medium,3,Delivered
1061,2026-03-08,C249,Burger King,Kolkata,Burgers,P108,Scooter,650,15,40,Medium,4,Delivered
1062,2026-02-04,C172,KFC,Kolkata,Fast Food,P111,Bike,341,15,50,High,3,Delivered
1063,2026-02-22,C170,Dominos,Kolkata,Pizza,P118,Scooter,625,12,32,Low,4,Delivered
1064,2026-02-19,C300,KFC,Kolkata,Fast Food,P101,Scooter,688,21,22,Low,5,Delivered
1065,2026-02-23,C276,KFC,Kolkata,Fast Food,P118,Bike,699,17,55,High,2,Delivered
1066,2026-01-04,C200,Dominos,Kolkata,Pizza,P111,Scooter,941,23,21,Low,5,Delivered
1067,2026-03-17,C289,Dominos,Kolkata,Pizza,P101,Bike,858,12,70,High,1,Delivered
1068,2026-01-24,C026,Burger King,Kolkata,Burgers,P109,Scooter,535,22,24,Low,5,Delivered
1069,2026-02-23,C130,Dominos,Kolkata,Pizza,P103,Scooter,219,18,46,Medium,3,Delivered
1070,2026-01-29,C036,Subway,Kolkata,Sandwiches,P102,Bike,1172,19,19,Low,5,Delivered
1071,2026-03-02,C059,Dominos,Kolkata,Pizza,P119,Bike,676,8,29,Low,5,Delivered
1072,2026-03-19,C059,Pizza Hut,Kolkata,Pizza,P106,Scooter,310,13,51,High,3,Delivered
1073,2026-02-18,C204,Subway,Kolkata,Sandwiches,P107,Bike,806,17,15,Low,5,Delivered
1074,2026-03-29,C062,Dominos,Kolkata,Pizza,P119,Bike,555,17,26,Low,5,Delivered
1075,2026-01-02,C216,Subway,Kolkata,Sandwiches,P116,Bike,643,19,45,Medium,3,Delivered
1076,2026-01-20,C223,Pizza Hut,Kolkata,Pizza,P106,Scooter,830,22,41,Medium,4,Delivered
1077,2026-02-04,C166,Subway,Kolkata,Sandwiches,P108,Bike,485,22,46,High,3,Delivered
1078,2026-03-14,C195,Burger King,Kolkata,Burgers,P111,Bike,706,22,28,Low,5,Delivered
1079,2026-02-05,C142,Pizza Hut,Kolkata,Pizza,P118,Bike,729,14,22,Low,5,Delivered
1080,2026-03-04,C285,Dominos,Kolkata,Pizza,P108,Scooter,861,21,36,Low,4,Delivered
1081,2026-03-30,C125,Burger King,Kolkata,Burgers,P110,Scooter,684,8,41,Medium,4,Delivered
1082,2026-03-12,C170,Subway,Kolkata,Sandwiches,P112,Scooter,477,21,40,Medium,4,Delivered
1083,2026-03-10,C095,Pizza Hut,Kolkata,Pizza,P107,Bike,956,11,24,Low,5,Delivered
1084,2026-03-18,C145,Burger King,Kolkata,Burgers,P104,Bike,503,24,19,Low,5,Delivered
1085,2026-02-05,C024,Dominos,Kolkata,Pizza,P102,Scooter,914,17,53,Medium,3,Delivered
1086,2026-01-14,C007,Dominos,Kolkata,Pizza,P119,Scooter,680,23,46,Medium,3,Delivered
1087,2026-03-03,C059,Burger King,Kolkata,Burgers,P103,Scooter,703,13,42,Medium,4,Delivered
1088,2026-01-20,C077,KFC,Kolkata,Fast Food,P119,Scooter,287,9,37,Medium,4,Delivered
1089,2026-01-29,C268,Dominos,Kolkata,Pizza,P113,Scooter,1130,21,24,Low,5,Delivered
1090,2026-02-09,C292,Burger King,Kolkata,Burgers,P120,Bike,824,21,18,Low,5,Delivered
1091,2026-01-11,C081,KFC,Kolkata,Fast Food,P108,Bike,765,14,51,High,3,Delivered
1092,2026-02-27,C241,KFC,Kolkata,Fast Food,P110,Bike,437,21,21,Low,5,Delivered
1093,2026-02-03,C102,Pizza Hut,Kolkata,Pizza,P114,Bike,757,22,58,High,2,Delivered
1094,2026-01-19,C037,Dominos,Kolkata,Pizza,P102,Bike,1011,16,47,Medium,3,Delivered
1095,2026-02-08,C207,Pizza Hut,Kolkata,Pizza,P109,Scooter,648,17,31,Medium,4,Delivered
1096,2026-02-11,C129,KFC,Kolkata,Fast Food,P101,Bike,434,21,40,Medium,4,Delivered
1097,2026-02-04,C296,Subway,Kolkata,Sandwiches,P102,Bike,681,8,46,Medium,3,Delivered
1098,2026-01-24,C300,Subway,Kolkata,Sandwiches,P114,Scooter,1192,16,37,Medium,4,Delivered
1099,2026-01-21,C169,KFC,Kolkata,Fast Food,P114,Scooter,495,21,33,Medium,4,Delivered
1100,2026-01-05,C233,Burger King,Kolkata,Burgers,P103,Scooter,458,25,62,High,2,Delivered
1101,2026-01-01,C278,Pizza Hut,Kolkata,Pizza,P115,Scooter,255,20,32,Low,4,Delivered
1102,2026-03-22,C227,Dominos,Kolkata,Pizza,P102,Bike,473,23,37,Medium,4,Delivered
1103,2026-01-16,C015,Subway,Kolkata,Sandwiches,P120,Bike,926,17,16,Low,5,Delivered
1104,2026-03-12,C209,Dominos,Kolkata,Pizza,P103,Bike,1061,8,49,Medium,3,Delivered
1105,2026-02-07,C261,KFC,Kolkata,Fast Food,P109,Scooter,1054,11,35,Medium,4,Delivered
1106,2026-02-28,C283,Burger King,Kolkata,Burgers,P105,Scooter,395,15,52,High,3,Delivered
1107,2026-02-23,C175,Subway,Kolkata,Sandwiches,P117,Scooter,1040,12,41,Medium,4,Delivered
1108,2026-03-17,C297,KFC,Kolkata,Fast Food,P116,Bike,657,17,21,Low,5,Delivered
1109,2026-02-28,C165,Subway,Kolkata,Sandwiches,P107,Bike,785,18,30,Medium,4,Delivered
1110,2026-01-06,C163,Burger King,Kolkata,Burgers,P116,Scooter,595,21,22,Low,5,Delivered
1111,2026-02-12,C052,Dominos,Kolkata,Pizza,P115,Bike,738,9,56,Medium,2,Delivered
1112,2026-02-22,C080,Burger King,Kolkata,Burgers,P103,Scooter,1000,12,36,Low,4,Delivered
1113,2026-03-28,C274,Pizza Hut,Kolkata,Pizza,P113,Scooter,841,20,31,Medium,4,Delivered
1114,2026-03-21,C036,Burger King,Kolkata,Burgers,P108,Scooter,432,9,45,High,3,Delivered
1115,2026-01-13,C228,KFC,Kolkata,Fast Food,P106,Scooter,1125,11,38,Medium,4,Delivered
1116,2026-02-07,C184,KFC,Kolkata,Fast Food,P112,Scooter,349,9,15,Low,5,Delivered
1117,2026-02-18,C124,Dominos,Kolkata,Pizza,P116,Bike,437,13,47,Medium,3,Delivered
1118,2026-02-02,C005,Burger King,Kolkata,Burgers,P115,Scooter,893,22,40,Medium,4,Delivered
1119,2026-02-08,C218,Subway,Kolkata,Sandwiches,P109,Scooter,1065,22,41,Low,4,Delivered
1120,2026-03-03,C055,Pizza Hut,Kolkata,Pizza,P108,Scooter,785,20,18,Low,5,Delivered
1121,2026-02-20,C141,Pizza Hut,Kolkata,Pizza,P101,Bike,1132,17,49,Medium,3,Delivered
1122,2026-01-30,C181,Subway,Kolkata,Sandwiches,P108,Bike,835,17,56,High,2,Delivered
1123,2026-03-24,C021,Pizza Hut,Kolkata,Pizza,P110,Scooter,234,12,29,Medium,5,Delivered
1124,2026-01-12,C152,Subway,Kolkata,Sandwiches,P111,Scooter,379,12,28,Medium,5,Delivered
1125,2026-03-06,C140,Dominos,Kolkata,Pizza,P106,Scooter,1135,25,37,Low,4,Delivered
1126,2026-02-13,C059,Burger King,Kolkata,Burgers,P115,Bike,344,17,50,High,3,Delivered
1127,2026-02-20,C008,Dominos,Kolkata,Pizza,P109,Bike,665,20,73,High,1,Cancelled
1128,2026-03-16,C196,Pizza Hut,Kolkata,Pizza,P112,Bike,891,16,35,Medium,4,Delivered
1129,2026-03-24,C033,Dominos,Kolkata,Pizza,P115,Scooter,864,25,42,Medium,4,Delivered
1130,2026-01-05,C156,Burger King,Kolkata,Burgers,P116,Bike,299,9,32,Low,4,Delivered
1131,2026-03-31,C277,Dominos,Kolkata,Pizza,P114,Bike,1106,12,58,High,2,Delivered
1132,2026-03-20,C209,Burger King,Kolkata,Burgers,P109,Bike,906,23,41,Medium,4,Delivered
1133,2026-01-13,C189,Pizza Hut,Kolkata,Pizza,P118,Scooter,262,22,36,Low,4,Delivered
1134,2026-02-28,C047,Burger King,Kolkata,Burgers,P107,Bike,251,11,21,Low,5,Delivered
1135,2026-03-12,C107,Pizza Hut,Kolkata,Pizza,P119,Bike,1032,12,25,Low,5,Delivered
1136,2026-03-18,C002,Dominos,Kolkata,Pizza,P109,Bike,333,12,42,Medium,4,Delivered
1137,2026-01-17,C008,Subway,Kolkata,Sandwiches,P112,Bike,802,13,34,Low,4,Delivered
1138,2026-01-07,C065,Pizza Hut,Kolkata,Pizza,P114,Bike,963,16,32,Low,4,Delivered
1139,2026-03-06,C114,KFC,Kolkata,Fast Food,P120,Bike,944,19,35,Medium,4,Delivered
1140,2026-01-08,C246,Subway,Kolkata,Sandwiches,P113,Scooter,902,8,37,Medium,4,Delivered
1141,2026-03-19,C076,KFC,Kolkata,Fast Food,P103,Bike,481,22,40,Medium,4,Delivered
1142,2026-02-11,C196,Subway,Kolkata,Sandwiches,P120,Scooter,664,25,39,Medium,4,Delivered
1143,2026-03-25,C283,Subway,Kolkata,Sandwiches,P107,Scooter,662,11,38,Medium,4,Delivered
1144,2026-02-21,C213,Dominos,Kolkata,Pizza,P104,Scooter,637,22,43,Medium,4,Delivered
1145,2026-03-02,C035,Pizza Hut,Kolkata,Pizza,P103,Bike,295,19,46,Medium,3,Delivered
1146,2026-01-17,C285,Burger King,Kolkata,Burgers,P102,Scooter,886,19,22,Low,5,Delivered
1147,2026-02-06,C160,KFC,Kolkata,Fast Food,P112,Bike,791,21,44,Medium,4,Delivered
1148,2026-01-29,C056,Subway,Kolkata,Sandwiches,P112,Scooter,317,23,17,Low,5,Delivered
1149,2026-03-21,C286,Pizza Hut,Kolkata,Pizza,P101,Scooter,229,21,47,Medium,3,Delivered
1150,2026-02-13,C180,Dominos,Kolkata,Pizza,P101,Bike,1090,17,19,Low,5,Delivered
1151,2026-01-04,C047,Dominos,Kolkata,Pizza,P117,Bike,585,20,54,Medium,3,Delivered
1152,2026-02-17,C160,Burger King,Kolkata,Burgers,P111,Bike,1104,13,42,Medium,4,Delivered
1153,2026-03-26,C218,KFC,Kolkata,Fast Food,P116,Scooter,624,9,22,Low,5,Delivered
1154,2026-01-15,C177,Pizza Hut,Kolkata,Pizza,P114,Bike,490,24,20,Low,5,Delivered
1155,2026-03-18,C029,Subway,Kolkata,Sandwiches,P101,Bike,508,17,43,Medium,4,Delivered
1156,2026-02-07,C168,Dominos,Kolkata,Pizza,P104,Bike,709,16,64,High,2,Delivered
1157,2026-03-13,C182,Burger King,Kolkata,Burgers,P103,Scooter,1082,20,20,Low,5,Delivered
1158,2026-01-10,C161,KFC,Kolkata,Fast Food,P119,Scooter,787,22,37,Medium,4,Delivered
1159,2026-02-11,C088,Burger King,Kolkata,Burgers,P120,Scooter,1051,21,53,High,3,Delivered
1160,2026-02-01,C224,Pizza Hut,Kolkata,Pizza,P119,Scooter,736,11,30,Low,4,Delivered
1161,2026-01-22,C040,KFC,Kolkata,Fast Food,P117,Bike,743,17,37,Medium,4,Delivered
1162,2026-02-14,C076,Subway,Kolkata,Sandwiches,P108,Bike,349,19,20,Low,5,Delivered
1163,2026-01-23,C253,Pizza Hut,Kolkata,Pizza,P115,Scooter,897,12,25,Low,5,Delivered
1164,2026-03-22,C162,Subway,Kolkata,Sandwiches,P105,Scooter,269,18,29,Medium,5,Delivered
1165,2026-02-15,C260,Burger King,Kolkata,Burgers,P103,Scooter,672,17,40,Medium,4,Delivered
1166,2026-02-06,C040,Burger King,Kolkata,Burgers,P103,Scooter,673,19,17,Low,5,Delivered
1167,2026-03-25,C097,Subway,Kolkata,Sandwiches,P111,Scooter,713,9,27,Medium,5,Delivered
1168,2026-02-13,C044,Dominos,Kolkata,Pizza,P117,Bike,240,22,66,High,1,Cancelled
1169,2026-02-16,C191,Dominos,Kolkata,Pizza,P110,Scooter,618,22,54,High,3,Delivered
1170,2026-03-22,C172,Pizza Hut,Kolkata,Pizza,P103,Scooter,296,9,36,Medium,4,Delivered
1171,2026-03-19,C077,Subway,Kolkata,Sandwiches,P111,Bike,796,17,37,Medium,4,Delivered
1172,2026-03-31,C201,Dominos,Kolkata,Pizza,P105,Bike,517,17,74,High,1,Delivered
1173,2026-03-29,C270,Subway,Kolkata,Sandwiches,P103,Scooter,720,18,41,Medium,4,Delivered
1174,2026-01-24,C110,Pizza Hut,Kolkata,Pizza,P111,Scooter,396,17,16,Low,5,Delivered
1175,2026-03-11,C270,Dominos,Kolkata,Pizza,P102,Scooter,1097,12,73,High,1,Cancelled
1176,2026-01-20,C084,Subway,Kolkata,Sandwiches,P106,Bike,938,20,30,Low,4,Delivered
1177,2026-02-26,C146,Burger King,Kolkata,Burgers,P115,Bike,746,19,23,Low,5,Delivered
1178,2026-01-25,C189,Dominos,Kolkata,Pizza,P119,Scooter,672,23,42,Medium,4,Delivered
1179,2026-01-26,C071,Pizza Hut,Kolkata,Pizza,P109,Bike,856,24,39,High,4,Delivered
1180,2026-01-14,C265,Burger King,Kolkata,Burgers,P104,Scooter,285,25,52,High,3,Delivered
1181,2026-01-29,C231,Dominos,Kolkata,Pizza,P112,Bike,624,24,36,Low,4,Delivered
1182,2026-01-31,C198,KFC,Kolkata,Fast Food,P103,Scooter,429,19,43,Medium,4,Delivered
1183,2026-01-19,C071,KFC,Kolkata,Fast Food,P102,Scooter,1139,11,42,Medium,4,Delivered
1184,2026-03-02,C230,Burger King,Kolkata,Burgers,P120,Bike,1127,12,30,Medium,4,Delivered
1185,2026-03-19,C271,KFC,Kolkata,Fast Food,P114,Bike,994,14,28,Low,5,Delivered
1186,2026-01-07,C123,Pizza Hut,Kolkata,Pizza,P114,Scooter,264,11,18,Low,5,Delivered
1187,2026-03-07,C295,KFC,Kolkata,Fast Food,P108,Bike,498,23,54,High,3,Delivered
1188,2026-01-31,C293,Burger King,Kolkata,Burgers,P114,Bike,880,19,24,Low,5,Delivered
1189,2026-03-06,C260,KFC,Kolkata,Fast Food,P118,Bike,599,19,44,Medium,4,Delivered
1190,2026-02-17,C130,Burger King,Kolkata,Burgers,P101,Scooter,1007,20,28,Low,5,Delivered
1191,2026-02-12,C069,KFC,Kolkata,Fast Food,P102,Scooter,759,11,39,Medium,4,Delivered
1192,2026-03-29,C238,Pizza Hut,Kolkata,Pizza,P116,Bike,1030,13,45,High,3,Delivered
1193,2026-01-26,C022,Dominos,Kolkata,Pizza,P111,Scooter,727,22,36,Low,4,Delivered
1194,2026-03-02,C130,Burger King,Kolkata,Burgers,P102,Bike,492,25,55,High,2,Delivered
1195,2026-01-16,C189,Pizza Hut,Kolkata,Pizza,P114,Scooter,961,9,58,High,2,Delivered
1196,2026-02-13,C096,Burger King,Kolkata,Burgers,P116,Scooter,576,20,50,High,3,Delivered
1197,2026-03-19,C093,Subway,Kolkata,Sandwiches,P118,Scooter,528,10,24,Low,5,Delivered
1198,2026-02-09,C229,KFC,Kolkata,Fast Food,P120,Scooter,370,17,22,Low,5,Delivered
1199,2026-03-20,C223,Burger King,Kolkata,Burgers,P109,Bike,276,9,36,Medium,4,Delivered
1200,2026-01-04,C074,Burger King,Kolkata,Burgers,P120,Scooter,235,13,24,Medium,5,Delivered
1201,2026-01-05,C079,Dominos,Kolkata,Pizza,P115,Scooter,580,19,23,Low,5,Delivered
1202,2026-02-20,C161,Burger King,Kolkata,Burgers,P109,Bike,1183,12,66,High,1,Delivered
1203,2026-03-13,C061,KFC,Kolkata,Fast Food,P109,Scooter,920,13,19,Low,5,Delivered
1204,2026-03-30,C252,Burger King,Kolkata,Burgers,P107,Bike,338,17,25,Low,5,Delivered
1205,2026-02-10,C178,KFC,Kolkata,Fast Food,P103,Scooter,1112,22,48,Medium,3,Delivered
1206,2026-02-16,C261,Pizza Hut,Kolkata,Pizza,P108,Bike,405,13,54,High,3,Delivered
1207,2026-02-17,C240,Dominos,Kolkata,Pizza,P118,Bike,826,23,40,Low,4,Delivered
1208,2026-03-03,C270,KFC,Kolkata,Fast Food,P114,Scooter,1043,20,26,Low,5,Delivered
1209,2026-03-29,C265,Subway,Kolkata,Sandwiches,P112,Bike,1099,18,20,Low,5,Delivered
1210,2026-01-17,C222,Subway,Kolkata,Sandwiches,P117,Bike,1051,13,32,Medium,4,Delivered
1211,2026-01-29,C178,KFC,Kolkata,Fast Food,P117,Scooter,1066,17,40,Medium,4,Delivered
1212,2026-02-05,C065,KFC,Kolkata,Fast Food,P110,Bike,714,25,29,Low,5,Delivered
1213,2026-03-19,C173,Dominos,Kolkata,Pizza,P119,Bike,1045,12,49,Medium,3,Delivered
1214,2026-03-25,C108,KFC,Kolkata,Fast Food,P119,Scooter,832,16,32,Low,4,Delivered
1215,2026-03-03,C126,KFC,Kolkata,Fast Food,P113,Scooter,664,25,34,Medium,4,Delivered
1216,2026-02-26,C213,KFC,Kolkata,Fast Food,P116,Scooter,408,13,52,Medium,3,Delivered
1217,2026-02-14,C205,Pizza Hut,Kolkata,Pizza,P105,Scooter,727,18,41,Medium,4,Delivered
1218,2026-03-01,C063,Subway,Kolkata,Sandwiches,P109,Scooter,453,15,20,Low,5,Delivered
1219,2026-02-23,C128,Dominos,Kolkata,Pizza,P106,Scooter,1156,17,44,Low,4,Delivered
1220,2026-01-21,C256,Subway,Kolkata,Sandwiches,P117,Scooter,710,14,50,High,3,Delivered
1221,2026-01-31,C111,Pizza Hut,Kolkata,Pizza,P119,Scooter,249,10,44,Medium,4,Delivered
1222,2026-02-06,C275,KFC,Kolkata,Fast Food,P101,Bike,641,23,22,Low,5,Delivered
1223,2026-02-21,C027,Dominos,Kolkata,Pizza,P119,Bike,571,19,63,High,2,Delivered
1224,2026-03-06,C231,Subway,Kolkata,Sandwiches,P118,Scooter,1045,20,19,Low,5,Delivered
1225,2026-02-17,C174,Subway,Kolkata,Sandwiches,P118,Scooter,973,11,39,Medium,4,Delivered
1226,2026-02-21,C257,Dominos,Kolkata,Pizza,P102,Bike,239,24,34,Low,4,Delivered
1227,2026-03-07,C072,Dominos,Kolkata,Pizza,P111,Scooter,366,23,59,High,2,Delivered
1228,2026-03-17,C173,Burger King,Kolkata,Burgers,P117,Scooter,925,17,54,High,3,Delivered
1229,2026-02-23,C299,Subway,Kolkata,Sandwiches,P110,Bike,811,8,18,Low,5,Delivered
1230,2026-01-07,C299,Burger King,Kolkata,Burgers,P116,Bike,736,15,31,Low,4,Delivered
1231,2026-01-05,C294,Subway,Kolkata,Sandwiches,P104,Bike,219,20,60,High,2,Delivered
1232,2026-02-22,C105,Burger King,Kolkata,Burgers,P114,Scooter,1093,12,45,Medium,3,Delivered
1233,2026-03-26,C245,KFC,Kolkata,Fast Food,P117,Scooter,521,24,56,High,2,Delivered
1234,2026-02-13,C280,Dominos,Kolkata,Pizza,P112,Scooter,824,25,51,Medium,3,Delivered
1235,2026-02-08,C148,Burger King,Kolkata,Burgers,P107,Scooter,524,15,24,Low,5,Delivered
1236,2026-02-06,C063,Burger King,Kolkata,Burgers,P119,Scooter,1117,16,42,Medium,4,Delivered
1237,2026-01-11,C178,Burger King,Kolkata,Burgers,P115,Scooter,965,12,53,High,3,Delivered
1238,2026-02-04,C288,Burger King,Kolkata,Burgers,P109,Bike,311,25,29,Low,5,Delivered
1239,2026-03-09,C116,Subway,Kolkata,Sandwiches,P108,Bike,302,15,55,High,2,Delivered
1240,2026-01-13,C071,Burger King,Kolkata,Burgers,P101,Bike,616,23,46,Medium,3,Delivered
1241,2026-02-06,C031,Burger King,Kolkata,Burgers,P103,Bike,747,14,38,Medium,4,Delivered
1242,2026-02-23,C091,KFC,Kolkata,Fast Food,P102,Scooter,1006,13,50,High,3,Delivered
1243,2026-03-14,C055,Burger King,Kolkata,Burgers,P111,Scooter,665,17,25,Low,5,Delivered
1244,2026-03-06,C240,Subway,Kolkata,Sandwiches,P109,Bike,1028,12,37,Medium,4,Delivered
1245,2026-01-02,C173,KFC,Kolkata,Fast Food,P110,Bike,379,22,32,Medium,4,Delivered
1246,2026-02-24,C264,Subway,Kolkata,Sandwiches,P111,Bike,610,20,47,High,3,Delivered
1247,2026-01-01,C134,KFC,Kolkata,Fast Food,P113,Bike,657,12,15,Low,5,Delivered
1248,2026-03-16,C294,Pizza Hut,Kolkata,Pizza,P101,Scooter,869,17,56,High,2,Delivered
1249,2026-01-21,C208,Pizza Hut,Kolkata,Pizza,P117,Scooter,906,9,34,Medium,4,Delivered
1250,2026-02-17,C114,KFC,Kolkata,Fast Food,P108,Bike,689,17,32,Medium,4,Delivered
1251,2026-03-02,C276,Dominos,Kolkata,Pizza,P107,Bike,896,19,39,Medium,4,Delivered
1252,2026-03-09,C229,Subway,Kolkata,Sandwiches,P117,Scooter,279,10,58,High,2,Delivered
1253,2026-03-10,C077,Subway,Kolkata,Sandwiches,P106,Scooter,1074,25,28,Low,5,Delivered
1254,2026-03-16,C251,Subway,Kolkata,Sandwiches,P103,Scooter,1028,14,35,Medium,4,Delivered
1255,2026-03-13,C237,KFC,Kolkata,Fast Food,P110,Bike,605,24,31,Medium,4,Delivered
1256,2026-03-16,C038,Pizza Hut,Kolkata,Pizza,P102,Scooter,552,14,58,High,2,Delivered
1257,2026-03-02,C017,KFC,Kolkata,Fast Food,P110,Scooter,384,9,40,Medium,4,Delivered
1258,2026-02-17,C196,Dominos,Kolkata,Pizza,P115,Scooter,584,21,62,High,2,Delivered
1259,2026-01-16,C092,KFC,Kolkata,Fast Food,P118,Scooter,741,25,45,Medium,3,Delivered
1260,2026-01-03,C153,Dominos,Kolkata,Pizza,P115,Scooter,744,15,71,High,1,Delivered
1261,2026-01-25,C058,Burger King,Kolkata,Burgers,P102,Scooter,829,15,51,High,3,Delivered
1262,2026-01-13,C018,KFC,Kolkata,Fast Food,P115,Bike,450,10,25,Low,5,Delivered
1263,2026-01-08,C072,KFC,Kolkata,Fast Food,P117,Scooter,439,15,28,Medium,5,Delivered
1264,2026-01-31,C155,Subway,Kolkata,Sandwiches,P105,Bike,623,18,35,Medium,4,Delivered
1265,2026-01-23,C219,Pizza Hut,Kolkata,Pizza,P118,Scooter,248,25,36,Low,4,Delivered
1266,2026-03-09,C164,Pizza Hut,Kolkata,Pizza,P114,Scooter,352,20,51,High,3,Delivered
1267,2026-02-08,C074,Pizza Hut,Kolkata,Pizza,P115,Bike,775,25,26,Medium,5,Delivered
1268,2026-03-09,C069,Burger King,Kolkata,Burgers,P113,Bike,461,25,56,High,2,Delivered
1269,2026-01-12,C275,Dominos,Kolkata,Pizza,P107,Bike,474,10,56,Medium,2,Delivered
1270,2026-01-10,C097,Burger King,Kolkata,Burgers,P119,Bike,690,9,32,Medium,4,Delivered
1271,2026-01-28,C098,Dominos,Kolkata,Pizza,P104,Scooter,1136,18,58,High,2,Delivered
1272,2026-02-20,C123,Dominos,Kolkata,Pizza,P118,Scooter,994,14,58,Medium,2,Delivered
1273,2026-02-16,C263,Pizza Hut,Kolkata,Pizza,P116,Scooter,300,25,34,Medium,4,Delivered
1274,2026-01-27,C190,Burger King,Kolkata,Burgers,P111,Scooter,246,18,50,High,3,Delivered
1275,2026-03-16,C297,Subway,Kolkata,Sandwiches,P114,Scooter,356,12,62,High,2,Delivered
1276,2026-03-14,C126,Dominos,Kolkata,Pizza,P116,Scooter,463,20,46,Medium,3,Delivered
1277,2026-02-15,C087,Burger King,Kolkata,Burgers,P105,Scooter,388,23,45,High,3,Delivered
1278,2026-03-09,C018,Subway,Kolkata,Sandwiches,P103,Bike,982,9,57,High,2,Delivered
1279,2026-01-28,C259,KFC,Kolkata,Fast Food,P115,Scooter,261,15,41,Medium,4,Delivered
1280,2026-03-26,C250,Subway,Kolkata,Sandwiches,P101,Bike,744,23,39,Medium,4,Delivered
1281,2026-02-06,C009,Subway,Kolkata,Sandwiches,P117,Scooter,1025,8,33,Medium,4,Delivered
1282,2026-03-09,C077,Dominos,Kolkata,Pizza,P108,Bike,834,11,32,Low,4,Delivered
1283,2026-02-17,C208,Subway,Kolkata,Sandwiches,P115,Bike,913,19,24,Low,5,Delivered
1284,2026-03-25,C017,Dominos,Kolkata,Pizza,P103,Scooter,588,10,38,Low,4,Delivered
1285,2026-01-11,C256,Burger King,Kolkata,Burgers,P114,Scooter,779,9,31,Medium,4,Delivered
1286,2026-01-30,C109,KFC,Kolkata,Fast Food,P119,Scooter,477,9,47,High,3,Delivered
1287,2026-01-05,C092,KFC,Kolkata,Fast Food,P111,Bike,1184,16,61,High,2,Delivered
1288,2026-01-10,C154,Dominos,Kolkata,Pizza,P106,Bike,780,20,41,Medium,4,Delivered
1289,2026-01-18,C041,Burger King,Kolkata,Burgers,P117,Scooter,254,25,33,Medium,4,Delivered
1290,2026-02-13,C204,KFC,Kolkata,Fast Food,P111,Bike,849,10,46,Medium,3,Delivered
1291,2026-02-18,C222,Pizza Hut,Kolkata,Pizza,P106,Scooter,287,22,49,High,3,Delivered
1292,2026-01-10,C043,Subway,Kolkata,Sandwiches,P109,Bike,589,15,25,Low,5,Delivered
1293,2026-02-09,C228,Dominos,Kolkata,Pizza,P112,Scooter,304,18,61,High,2,Delivered
1294,2026-02-27,C286,Dominos,Kolkata,Pizza,P118,Scooter,305,21,35,Low,4,Delivered
1295,2026-02-11,C198,KFC,Kolkata,Fast Food,P101,Scooter,623,25,31,Low,4,Delivered
1296,2026-02-01,C293,Burger King,Kolkata,Burgers,P117,Bike,901,25,59,High,2,Delivered
1297,2026-01-09,C086,Burger King,Kolkata,Burgers,P114,Scooter,631,16,22,Low,5,Delivered
1298,2026-02-16,C129,Pizza Hut,Kolkata,Pizza,P108,Scooter,808,10,44,Medium,4,Delivered
1299,2026-02-20,C171,Subway,Kolkata,Sandwiches,P120,Scooter,1023,11,25,Low,5,Delivered
1300,2026-03-25,C070,Pizza Hut,Kolkata,Pizza,P110,Scooter,817,21,38,Medium,4,Delivered
1301,2026-02-07,C252,Dominos,Kolkata,Pizza,P119,Bike,533,13,61,Medium,2,Delivered
1302,2026-02-16,C059,Burger King,Kolkata,Burgers,P119,Bike,806,20,21,Low,5,Delivered
1303,2026-01-27,C225,Subway,Kolkata,Sandwiches,P110,Bike,1038,25,34,Low,4,Delivered
1304,2026-03-23,C156,Burger King,Kolkata,Burgers,P108,Scooter,874,12,39,Medium,4,Delivered
1305,2026-02-21,C274,Dominos,Kolkata,Pizza,P117,Scooter,756,20,79,High,1,Delivered
1306,2026-03-31,C275,KFC,Kolkata,Fast Food,P120,Bike,311,19,63,High,2,Delivered
1307,2026-03-14,C205,Dominos,Kolkata,Pizza,P111,Scooter,308,19,50,Medium,3,Delivered
1308,2026-03-07,C266,KFC,Kolkata,Fast Food,P118,Bike,656,15,32,Low,4,Delivered
1309,2026-03-03,C054,Pizza Hut,Kolkata,Pizza,P110,Scooter,1142,24,50,Medium,3,Delivered
1310,2026-02-14,C160,KFC,Kolkata,Fast Food,P111,Scooter,1003,12,41,Low,4,Delivered
1311,2026-03-31,C232,Dominos,Kolkata,Pizza,P111,Bike,507,19,39,Medium,4,Delivered
1312,2026-01-03,C176,KFC,Kolkata,Fast Food,P104,Bike,1152,11,55,High,2,Delivered
1313,2026-03-01,C119,Dominos,Kolkata,Pizza,P113,Bike,390,25,50,Medium,3,Delivered
1314,2026-02-27,C220,Burger King,Kolkata,Burgers,P113,Bike,921,14,44,Medium,4,Delivered
1315,2026-03-10,C096,Dominos,Kolkata,Pizza,P112,Scooter,401,10,23,Low,5,Delivered
1316,2026-03-09,C161,Burger King,Kolkata,Burgers,P120,Scooter,825,23,19,Low,5,Delivered
1317,2026-01-23,C153,Burger King,Kolkata,Burgers,P120,Bike,888,19,34,Medium,4,Delivered
1318,2026-02-09,C060,Dominos,Kolkata,Pizza,P106,Scooter,910,15,51,Medium,3,Delivered
1319,2026-02-24,C096,Dominos,Kolkata,Pizza,P116,Bike,768,21,39,Medium,4,Delivered
1320,2026-01-24,C162,Dominos,Kolkata,Pizza,P115,Bike,1086,12,41,Medium,4,Delivered
1321,2026-03-13,C259,Pizza Hut,Kolkata,Pizza,P116,Scooter,901,23,62,High,2,Delivered
1322,2026-03-04,C086,Burger King,Kolkata,Burgers,P103,Bike,1014,22,46,Medium,3,Delivered
1323,2026-02-28,C290,Dominos,Kolkata,Pizza,P116,Bike,786,16,33,Low,4,Delivered
1324,2026-02-16,C278,KFC,Kolkata,Fast Food,P102,Scooter,759,25,29,Low,5,Delivered
1325,2026-02-01,C153,Dominos,Kolkata,Pizza,P102,Scooter,469,11,62,High,2,Delivered
1326,2026-02-26,C061,Pizza Hut,Kolkata,Pizza,P108,Bike,1030,10,46,High,3,Delivered
1327,2026-01-27,C106,Subway,Kolkata,Sandwiches,P102,Scooter,745,21,39,Medium,4,Delivered
1328,2026-02-11,C150,Pizza Hut,Kolkata,Pizza,P110,Scooter,1175,13,40,Medium,4,Delivered
1329,2026-02-22,C031,Subway,Kolkata,Sandwiches,P109,Bike,918,11,61,High,2,Delivered
1330,2026-02-01,C202,Dominos,Kolkata,Pizza,P116,Bike,791,18,40,Low,4,Delivered
1331,2026-01-12,C207,Pizza Hut,Kolkata,Pizza,P117,Scooter,911,20,29,Medium,5,Delivered
1332,2026-02-11,C298,Pizza Hut,Kolkata,Pizza,P101,Bike,948,23,40,Medium,4,Delivered
1333,2026-02-20,C112,Burger King,Kolkata,Burgers,P114,Bike,706,19,44,Medium,4,Delivered
1334,2026-02-13,C281,Pizza Hut,Kolkata,Pizza,P119,Bike,779,17,29,Medium,5,Delivered
1335,2026-02-28,C009,Burger King,Kolkata,Burgers,P104,Bike,651,9,63,High,2,Delivered
1336,2026-01-26,C068,Burger King,Kolkata,Burgers,P110,Bike,1095,21,27,Low,5,Delivered
1337,2026-03-25,C085,Pizza Hut,Kolkata,Pizza,P102,Scooter,840,19,24,Low,5,Delivered
1338,2026-02-24,C047,Pizza Hut,Kolkata,Pizza,P104,Bike,418,15,60,High,2,Delivered
1339,2026-01-02,C176,Burger King,Kolkata,Burgers,P104,Scooter,910,15,18,Low,5,Delivered
1340,2026-02-19,C046,Dominos,Kolkata,Pizza,P104,Bike,520,15,45,Medium,3,Delivered
1341,2026-01-18,C074,Pizza Hut,Kolkata,Pizza,P103,Bike,824,12,46,High,3,Delivered
1342,2026-03-22,C078,Dominos,Kolkata,Pizza,P114,Scooter,1080,14,53,Medium,3,Delivered
1343,2026-02-19,C180,Dominos,Kolkata,Pizza,P114,Scooter,1010,11,34,Low,4,Delivered
1344,2026-02-01,C284,Dominos,Kolkata,Pizza,P120,Scooter,997,10,35,Low,4,Delivered
1345,2026-01-25,C201,KFC,Kolkata,Fast Food,P110,Bike,1002,17,57,High,2,Delivered
1346,2026-01-31,C256,Dominos,Kolkata,Pizza,P120,Bike,740,11,53,Medium,3,Delivered
1347,2026-03-14,C216,KFC,Kolkata,Fast Food,P112,Bike,981,18,63,High,2,Delivered
1348,2026-01-03,C035,Burger King,Kolkata,Burgers,P101,Scooter,420,10,63,High,2,Delivered
1349,2026-03-06,C213,KFC,Kolkata,Fast Food,P114,Scooter,284,20,46,High,3,Delivered
1350,2026-02-05,C043,Subway,Kolkata,Sandwiches,P110,Bike,723,12,37,Medium,4,Delivered
1351,2026-03-23,C034,Dominos,Kolkata,Pizza,P110,Scooter,947,12,57,High,2,Delivered
1352,2026-02-25,C060,Dominos,Kolkata,Pizza,P115,Bike,516,10,31,Low,4,Delivered
1353,2026-02-14,C268,Dominos,Kolkata,Pizza,P117,Scooter,370,12,31,Low,4,Delivered
1354,2026-01-16,C016,Pizza Hut,Kolkata,Pizza,P111,Scooter,478,16,21,Low,5,Delivered
1355,2026-01-08,C256,Subway,Kolkata,Sandwiches,P119,Bike,576,10,17,Low,5,Delivered
1356,2026-03-15,C060,Dominos,Kolkata,Pizza,P108,Bike,245,11,33,Low,4,Delivered
1357,2026-01-23,C019,KFC,Kolkata,Fast Food,P118,Scooter,429,23,16,Low,5,Delivered
1358,2026-02-04,C040,Pizza Hut,Kolkata,Pizza,P119,Scooter,322,18,35,Low,4,Delivered
1359,2026-01-06,C206,Subway,Kolkata,Sandwiches,P103,Scooter,1086,9,42,Medium,4,Delivered
1360,2026-02-11,C045,Pizza Hut,Kolkata,Pizza,P118,Scooter,208,17,64,High,2,Delivered
1361,2026-02-17,C253,Pizza Hut,Kolkata,Pizza,P107,Bike,354,17,24,Low,5,Delivered
1362,2026-01-30,C278,KFC,Kolkata,Fast Food,P112,Bike,1173,8,50,High,3,Delivered
1363,2026-01-14,C106,Pizza Hut,Kolkata,Pizza,P117,Bike,629,20,30,Low,4,Delivered
1364,2026-02-05,C048,Burger King,Kolkata,Burgers,P102,Bike,1118,12,47,High,3,Delivered
1365,2026-03-16,C049,Subway,Kolkata,Sandwiches,P117,Bike,852,19,28,Medium,5,Delivered
1366,2026-02-25,C067,Burger King,Kolkata,Burgers,P108,Scooter,467,9,27,Low,5,Delivered
1367,2026-02-10,C232,Pizza Hut,Kolkata,Pizza,P109,Bike,276,20,52,High,3,Delivered
1368,2026-01-20,C055,Dominos,Kolkata,Pizza,P106,Scooter,677,11,23,Low,5,Delivered
1369,2026-02-27,C158,Pizza Hut,Kolkata,Pizza,P115,Scooter,1072,25,31,Medium,4,Delivered
1370,2026-03-31,C021,KFC,Kolkata,Fast Food,P107,Scooter,351,17,33,Low,4,Delivered
1371,2026-02-08,C134,KFC,Kolkata,Fast Food,P106,Bike,1174,19,53,High,3,Delivered
1372,2026-03-12,C128,Burger King,Kolkata,Burgers,P104,Scooter,304,25,56,High,2,Delivered
1373,2026-01-17,C102,Dominos,Kolkata,Pizza,P113,Scooter,902,9,41,Low,4,Delivered
1374,2026-01-10,C012,KFC,Kolkata,Fast Food,P103,Bike,1124,16,23,Medium,5,Delivered
1375,2026-02-12,C063,Burger King,Kolkata,Burgers,P102,Scooter,251,10,64,High,2,Delivered
1376,2026-02-20,C255,Dominos,Kolkata,Pizza,P101,Scooter,899,21,56,High,2,Delivered
1377,2026-02-27,C077,Burger King,Kolkata,Burgers,P102,Bike,862,14,29,Low,5,Delivered
1378,2026-03-03,C032,Pizza Hut,Kolkata,Pizza,P103,Scooter,592,25,35,Medium,4,Delivered
1379,2026-03-11,C010,Dominos,Kolkata,Pizza,P113,Scooter,691,24,46,Medium,3,Delivered
1380,2026-03-06,C165,Subway,Kolkata,Sandwiches,P113,Scooter,384,19,74,High,1,Delivered
1381,2026-02-05,C030,KFC,Kolkata,Fast Food,P116,Scooter,985,15,48,Medium,3,Delivered
1382,2026-01-13,C127,Subway,Kolkata,Sandwiches,P108,Scooter,746,13,57,High,2,Delivered
1383,2026-02-19,C182,KFC,Kolkata,Fast Food,P106,Bike,442,15,39,High,4,Delivered
1384,2026-03-17,C015,Subway,Kolkata,Sandwiches,P112,Bike,776,19,30,Medium,4,Delivered
1385,2026-01-05,C047,Dominos,Kolkata,Pizza,P102,Bike,816,23,59,High,2,Delivered
1386,2026-01-01,C170,Dominos,Kolkata,Pizza,P120,Bike,1025,23,32,Low,4,Delivered
1387,2026-02-11,C031,Dominos,Kolkata,Pizza,P101,Bike,800,13,56,Medium,2,Delivered
1388,2026-02-16,C038,Dominos,Kolkata,Pizza,P112,Scooter,800,24,57,High,2,Delivered
1389,2026-02-25,C250,KFC,Kolkata,Fast Food,P111,Bike,924,18,40,Medium,4,Delivered
1390,2026-01-29,C090,Subway,Kolkata,Sandwiches,P113,Scooter,951,19,40,Medium,4,Delivered
1391,2026-02-20,C291,Pizza Hut,Kolkata,Pizza,P102,Bike,816,8,38,Low,4,Delivered
1392,2026-03-23,C290,Pizza Hut,Kolkata,Pizza,P104,Scooter,344,15,50,High,3,Delivered
1393,2026-03-23,C046,Pizza Hut,Kolkata,Pizza,P111,Scooter,211,15,51,High,3,Delivered
1394,2026-02-14,C132,Pizza Hut,Kolkata,Pizza,P104,Bike,249,10,29,Low,5,Delivered
1395,2026-03-05,C194,Burger King,Kolkata,Burgers,P112,Scooter,303,21,50,Medium,3,Delivered
1396,2026-01-21,C232,Burger King,Kolkata,Burgers,P103,Bike,501,15,52,High,3,Delivered
1397,2026-02-18,C083,KFC,Kolkata,Fast Food,P103,Bike,546,11,41,Medium,4,Delivered
1398,2026-01-04,C221,Subway,Kolkata,Sandwiches,P106,Scooter,360,23,56,High,2,Delivered
1399,2026-03-12,C277,KFC,Kolkata,Fast Food,P109,Scooter,504,14,31,Low,4,Delivered
1400,2026-03-15,C282,Dominos,Kolkata,Pizza,P116,Bike,255,20,32,Low,4,Delivered
1401,2026-03-18,C246,Pizza Hut,Kolkata,Pizza,P107,Bike,226,10,22,Low,5,Delivered
1402,2026-01-11,C243,Dominos,Kolkata,Pizza,P104,Scooter,1003,17,41,Low,4,Delivered
1403,2026-01-24,C190,Burger King,Kolkata,Burgers,P113,Scooter,391,16,44,Medium,4,Delivered
1404,2026-03-01,C135,Burger King,Kolkata,Burgers,P108,Scooter,777,22,29,Low,5,Delivered
1405,2026-03-11,C212,KFC,Kolkata,Fast Food,P119,Bike,766,11,29,Low,5,Delivered
1406,2026-02-23,C275,KFC,Kolkata,Fast Food,P116,Bike,687,24,57,High,2,Delivered
1407,2026-03-15,C076,Pizza Hut,Kolkata,Pizza,P104,Scooter,377,9,15,Low,5,Delivered
1408,2026-01-17,C022,Dominos,Kolkata,Pizza,P114,Bike,899,14,62,High,2,Delivered
1409,2026-01-09,C045,Burger King,Kolkata,Burgers,P113,Scooter,765,12,27,Low,5,Delivered
1410,2026-02-28,C007,Pizza Hut,Kolkata,Pizza,P120,Scooter,315,24,50,High,3,Delivered
1411,2026-01-13,C147,Burger King,Kolkata,Burgers,P118,Scooter,1098,11,31,Low,4,Delivered
1412,2026-03-15,C243,Burger King,Kolkata,Burgers,P102,Bike,482,23,21,Low,5,Delivered
1413,2026-02-12,C122,Burger King,Kolkata,Burgers,P102,Scooter,1142,20,37,Low,4,Delivered
1414,2026-02-13,C156,Pizza Hut,Kolkata,Pizza,P110,Scooter,1063,8,58,High,2,Delivered
1415,2026-02-08,C227,Burger King,Kolkata,Burgers,P111,Scooter,946,11,59,High,2,Delivered
1416,2026-01-25,C227,Burger King,Kolkata,Burgers,P107,Scooter,958,10,37,Medium,4,Delivered
1417,2026-01-21,C034,Burger King,Kolkata,Burgers,P110,Scooter,338,19,58,High,2,Delivered
1418,2026-01-23,C099,Subway,Kolkata,Sandwiches,P107,Bike,455,8,48,High,3,Delivered
1419,2026-03-01,C259,KFC,Kolkata,Fast Food,P113,Bike,897,19,36,Medium,4,Delivered
1420,2026-03-18,C229,KFC,Kolkata,Fast Food,P106,Scooter,800,23,20,Low,5,Delivered
1421,2026-03-30,C047,Subway,Kolkata,Sandwiches,P110,Bike,595,13,40,Medium,4,Delivered
1422,2026-01-29,C116,KFC,Kolkata,Fast Food,P107,Scooter,867,14,21,Low,5,Delivered
1423,2026-01-23,C005,Burger King,Kolkata,Burgers,P108,Scooter,822,8,34,Medium,4,Delivered
1424,2026-02-24,C193,Pizza Hut,Kolkata,Pizza,P112,Scooter,458,16,55,High,2,Delivered
1425,2026-01-14,C004,Dominos,Kolkata,Pizza,P117,Scooter,774,24,48,Medium,3,Delivered
1426,2026-03-29,C056,Subway,Kolkata,Sandwiches,P116,Bike,544,17,32,Medium,4,Delivered
1427,2026-03-25,C153,Pizza Hut,Kolkata,Pizza,P107,Bike,729,16,37,Medium,4,Delivered
1428,2026-03-29,C072,Dominos,Kolkata,Pizza,P101,Scooter,502,20,72,High,1,Delivered
1429,2026-03-15,C098,Pizza Hut,Kolkata,Pizza,P111,Bike,902,20,53,High,3,Delivered
1430,2026-03-27,C184,Subway,Kolkata,Sandwiches,P117,Scooter,1065,23,39,Medium,4,Delivered
1431,2026-01-17,C133,Dominos,Kolkata,Pizza,P118,Bike,1169,25,64,High,2,Delivered
1432,2026-02-15,C115,Pizza Hut,Kolkata,Pizza,P110,Scooter,1007,15,40,Medium,4,Delivered
1433,2026-01-07,C299,Pizza Hut,Kolkata,Pizza,P119,Bike,683,17,35,Medium,4,Delivered
1434,2026-03-09,C153,Dominos,Kolkata,Pizza,P114,Bike,1091,20,46,Medium,3,Delivered
1435,2026-02-28,C074,Dominos,Kolkata,Pizza,P111,Bike,997,14,23,Low,5,Delivered
1436,2026-02-10,C030,KFC,Kolkata,Fast Food,P101,Scooter,480,13,52,Medium,3,Delivered
1437,2026-01-12,C067,Dominos,Kolkata,Pizza,P120,Scooter,848,13,59,High,2,Delivered
1438,2026-02-19,C003,Burger King,Kolkata,Burgers,P102,Bike,948,23,36,Medium,4,Delivered
1439,2026-01-03,C003,Pizza Hut,Kolkata,Pizza,P108,Bike,910,18,55,High,2,Delivered
1440,2026-02-19,C258,Pizza Hut,Kolkata,Pizza,P119,Scooter,371,11,30,Medium,4,Delivered
1441,2026-03-08,C269,KFC,Kolkata,Fast Food,P111,Scooter,1109,17,61,High,2,Delivered
1442,2026-02-15,C097,Dominos,Kolkata,Pizza,P106,Scooter,219,23,43,Medium,4,Delivered
1443,2026-03-06,C087,Dominos,Kolkata,Pizza,P104,Scooter,928,12,33,Low,4,Delivered
1444,2026-03-10,C025,KFC,Kolkata,Fast Food,P120,Bike,877,16,39,Medium,4,Delivered
1445,2026-02-26,C195,KFC,Kolkata,Fast Food,P104,Scooter,685,8,40,Medium,4,Delivered
1446,2026-02-08,C216,Dominos,Kolkata,Pizza,P104,Scooter,837,8,33,Low,4,Delivered
1447,2026-03-21,C061,Subway,Kolkata,Sandwiches,P110,Bike,1003,21,56,High,2,Delivered
1448,2026-02-03,C268,KFC,Kolkata,Fast Food,P107,Scooter,920,14,35,Medium,4,Delivered
1449,2026-03-30,C247,Burger King,Kolkata,Burgers,P111,Bike,202,9,15,Low,5,Delivered
1450,2026-03-15,C253,KFC,Kolkata,Fast Food,P105,Bike,998,11,34,Medium,4,Delivered
1451,2026-02-28,C152,Subway,Kolkata,Sandwiches,P109,Scooter,251,11,32,Low,4,Delivered
1452,2026-02-07,C185,KFC,Kolkata,Fast Food,P111,Scooter,956,9,50,High,3,Delivered
1453,2026-03-24,C088,KFC,Kolkata,Fast Food,P111,Scooter,1115,9,28,Low,5,Delivered
1454,2026-01-12,C191,Burger King,Kolkata,Burgers,P111,Bike,316,16,55,High,2,Delivered
1455,2026-03-03,C216,Burger King,Kolkata,Burgers,P106,Bike,335,22,37,Medium,4,Delivered
1456,2026-01-14,C214,KFC,Kolkata,Fast Food,P119,Scooter,1021,13,60,High,2,Delivered
1457,2026-03-20,C015,Subway,Kolkata,Sandwiches,P105,Scooter,1142,13,30,Medium,4,Delivered
1458,2026-02-26,C024,Burger King,Kolkata,Burgers,P103,Scooter,870,21,18,Low,5,Delivered
1459,2026-03-14,C115,Pizza Hut,Kolkata,Pizza,P111,Bike,643,24,25,Low,5,Delivered
1460,2026-01-20,C286,Dominos,Kolkata,Pizza,P120,Bike,211,20,38,Medium,4,Delivered
1461,2026-01-10,C252,Dominos,Kolkata,Pizza,P111,Bike,538,23,53,Medium,3,Delivered
1462,2026-03-12,C194,Pizza Hut,Kolkata,Pizza,P113,Bike,280,15,15,Low,5,Delivered
1463,2026-02-10,C061,Burger King,Kolkata,Burgers,P116,Bike,305,22,43,Medium,4,Delivered
1464,2026-03-12,C001,Burger King,Kolkata,Burgers,P103,Scooter,1111,25,41,Medium,4,Delivered
1465,2026-01-07,C115,Subway,Kolkata,Sandwiches,P115,Scooter,773,22,43,Medium,4,Delivered
1466,2026-02-27,C059,Subway,Kolkata,Sandwiches,P104,Bike,202,19,36,Medium,4,Delivered
1467,2026-01-14,C024,Pizza Hut,Kolkata,Pizza,P106,Scooter,343,17,32,Medium,4,Delivered
1468,2026-01-25,C062,Burger King,Kolkata,Burgers,P113,Bike,668,14,23,Low,5,Delivered
1469,2026-03-23,C064,Dominos,Kolkata,Pizza,P115,Scooter,874,11,63,High,2,Delivered
1470,2026-03-05,C003,Subway,Kolkata,Sandwiches,P117,Bike,766,12,53,High,3,Delivered
1471,2026-01-23,C297,Burger King,Kolkata,Burgers,P106,Bike,306,23,64,High,2,Delivered
1472,2026-03-06,C197,Burger King,Kolkata,Burgers,P114,Bike,480,18,33,Medium,4,Delivered
1473,2026-02-22,C263,Burger King,Kolkata,Burgers,P110,Scooter,928,17,51,High,3,Delivered
1474,2026-01-27,C149,Subway,Kolkata,Sandwiches,P112,Bike,927,14,38,Medium,4,Delivered
1475,2026-03-13,C246,Dominos,Kolkata,Pizza,P119,Scooter,890,18,43,Medium,4,Delivered
1476,2026-01-02,C268,Subway,Kolkata,Sandwiches,P104,Bike,590,21,15,Low,5,Delivered
1477,2026-01-21,C147,Dominos,Kolkata,Pizza,P109,Bike,1059,9,36,Low,4,Delivered
1478,2026-01-27,C278,KFC,Kolkata,Fast Food,P102,Scooter,1033,17,47,Medium,3,Delivered
1479,2026-03-13,C200,Burger King,Kolkata,Burgers,P108,Scooter,909,25,31,Low,4,Delivered
1480,2026-02-23,C161,KFC,Kolkata,Fast Food,P118,Bike,213,20,47,High,3,Delivered
1481,2026-03-24,C189,Pizza Hut,Kolkata,Pizza,P119,Bike,994,22,31,Low,4,Delivered
1482,2026-03-29,C039,Dominos,Kolkata,Pizza,P106,Bike,952,13,21,Low,5,Delivered
1483,2026-01-17,C083,Subway,Kolkata,Sandwiches,P119,Scooter,205,9,18,Low,5,Delivered
1484,2026-01-06,C079,Pizza Hut,Kolkata,Pizza,P111,Bike,992,12,41,Medium,4,Delivered
1485,2026-02-15,C038,Subway,Kolkata,Sandwiches,P111,Bike,1179,17,47,High,3,Delivered
1486,2026-01-21,C213,Dominos,Kolkata,Pizza,P118,Scooter,294,24,46,Medium,3,Delivered
1487,2026-02-07,C112,Pizza Hut,Kolkata,Pizza,P120,Scooter,774,14,22,Low,5,Delivered
1488,2026-02-27,C124,KFC,Kolkata,Fast Food,P120,Bike,1181,19,20,Low,5,Delivered
1489,2026-01-15,C198,KFC,Kolkata,Fast Food,P109,Scooter,225,18,30,Medium,4,Delivered
1490,2026-03-07,C261,Subway,Kolkata,Sandwiches,P115,Scooter,244,19,62,High,2,Delivered
1491,2026-01-13,C086,Pizza Hut,Kolkata,Pizza,P118,Bike,841,14,53,High,3,Delivered
1492,2026-03-29,C218,KFC,Kolkata,Fast Food,P104,Bike,750,14,27,Low,5,Delivered
1493,2026-02-28,C170,Burger King,Kolkata,Burgers,P102,Bike,275,10,37,Medium,4,Delivered
1494,2026-03-13,C037,KFC,Kolkata,Fast Food,P119,Bike,1132,16,21,Low,5,Delivered
1495,2026-01-03,C200,Pizza Hut,Kolkata,Pizza,P104,Bike,856,22,33,Medium,4,Delivered
1496,2026-03-31,C038,Subway,Kolkata,Sandwiches,P112,Bike,496,9,20,Low,5,Delivered
1497,2026-02-20,C016,Pizza Hut,Kolkata,Pizza,P116,Bike,746,17,38,Medium,4,Delivered
1498,2026-03-11,C152,Dominos,Kolkata,Pizza,P105,Scooter,893,20,26,Low,5,Delivered
1499,2026-01-16,C022,Pizza Hut,Kolkata,Pizza,P101,Scooter,750,8,47,High,3,Delivered
1500,2026-01-27,C177,Subway,Kolkata,Sandwiches,P107,Scooter,1127,17,52,High,3,Delivered
1501,2026-01-25,C059,Subway,Kolkata,Sandwiches,P106,Bike,1071,13,27,Low,5,Delivered
1502,2026-01-10,C149,Subway,Kolkata,Sandwiches,P103,Scooter,300,25,49,Medium,3,Delivered
1503,2026-01-31,C052,Dominos,Kolkata,Pizza,P110,Bike,1121,23,68,High,1,Delivered
1504,2026-02-12,C157,Dominos,Kolkata,Pizza,P119,Bike,779,22,44,Medium,4,Delivered
1505,2026-02-10,C127,Subway,Kolkata,Sandwiches,P108,Scooter,483,18,41,Medium,4,Delivered
1506,2026-03-03,C237,Pizza Hut,Kolkata,Pizza,P115,Scooter,993,18,24,Low,5,Delivered
1507,2026-02-05,C072,Pizza Hut,Kolkata,Pizza,P118,Bike,469,11,41,Medium,4,Delivered
1508,2026-03-06,C016,KFC,Kolkata,Fast Food,P119,Scooter,987,8,62,High,2,Delivered
1509,2026-03-11,C242,Subway,Kolkata,Sandwiches,P105,Scooter,601,9,17,Low,5,Delivered
1510,2026-01-18,C238,Dominos,Kolkata,Pizza,P117,Bike,606,17,60,High,2,Delivered
1511,2026-03-20,C085,Pizza Hut,Kolkata,Pizza,P117,Bike,656,15,44,Medium,4,Delivered
1512,2026-03-03,C184,Dominos,Kolkata,Pizza,P102,Bike,979,12,24,Low,5,Delivered
1513,2026-01-27,C266,Burger King,Kolkata,Burgers,P112,Scooter,680,16,23,Low,5,Delivered
1514,2026-03-25,C166,Burger King,Kolkata,Burgers,P104,Scooter,1054,9,56,High,2,Delivered
1515,2026-03-17,C040,Pizza Hut,Kolkata,Pizza,P117,Scooter,585,13,33,Medium,4,Delivered
1516,2026-02-14,C250,Dominos,Kolkata,Pizza,P116,Bike,713,19,50,Medium,3,Delivered
1517,2026-01-28,C077,Dominos,Kolkata,Pizza,P106,Bike,570,15,53,Medium,3,Delivered
1518,2026-03-26,C118,Subway,Kolkata,Sandwiches,P114,Scooter,937,11,59,High,2,Delivered
1519,2026-03-24,C211,KFC,Kolkata,Fast Food,P101,Bike,244,23,30,Medium,4,Delivered
1520,2026-01-18,C263,Dominos,Kolkata,Pizza,P102,Bike,257,13,47,Medium,3,Delivered
1521,2026-03-14,C010,Dominos,Kolkata,Pizza,P110,Bike,421,13,26,Low,5,Delivered
1522,2026-03-03,C088,Burger King,Kolkata,Burgers,P108,Scooter,815,23,37,Medium,4,Delivered
1523,2026-01-22,C176,Dominos,Kolkata,Pizza,P115,Bike,435,13,57,High,2,Delivered
1524,2026-01-03,C104,Burger King,Kolkata,Burgers,P117,Scooter,1046,11,32,Medium,4,Delivered
1525,2026-01-05,C273,Dominos,Kolkata,Pizza,P117,Bike,295,13,37,Medium,4,Delivered
1526,2026-01-01,C221,Burger King,Kolkata,Burgers,P117,Scooter,579,25,39,Medium,4,Delivered
1527,2026-02-18,C180,KFC,Kolkata,Fast Food,P119,Bike,635,21,39,Medium,4,Delivered
1528,2026-01-11,C146,Dominos,Kolkata,Pizza,P120,Scooter,463,15,43,Low,4,Delivered
1529,2026-01-01,C193,Dominos,Kolkata,Pizza,P107,Scooter,618,8,30,Low,4,Delivered
1530,2026-03-25,C300,Pizza Hut,Kolkata,Pizza,P109,Scooter,1075,21,23,Low,5,Delivered
1531,2026-02-20,C105,Subway,Kolkata,Sandwiches,P114,Scooter,383,19,23,Medium,5,Delivered
1532,2026-02-02,C158,Pizza Hut,Kolkata,Pizza,P119,Scooter,992,23,25,Medium,5,Delivered
1533,2026-03-31,C083,Burger King,Kolkata,Burgers,P104,Bike,720,11,54,High,3,Delivered
1534,2026-03-20,C027,Burger King,Kolkata,Burgers,P106,Scooter,1187,25,48,High,3,Delivered
1535,2026-01-12,C033,KFC,Kolkata,Fast Food,P109,Bike,579,12,47,High,3,Delivered
1536,2026-02-21,C267,KFC,Kolkata,Fast Food,P110,Bike,1168,20,39,Medium,4,Delivered
1537,2026-03-08,C147,Dominos,Kolkata,Pizza,P107,Bike,1002,22,57,Medium,2,Delivered
1538,2026-03-20,C087,Subway,Kolkata,Sandwiches,P102,Scooter,444,15,38,Medium,4,Delivered
1539,2026-02-15,C203,KFC,Kolkata,Fast Food,P113,Bike,730,10,65,High,1,Delivered
1540,2026-01-12,C282,KFC,Kolkata,Fast Food,P110,Scooter,555,10,54,High,3,Delivered
1541,2026-01-01,C134,Pizza Hut,Kolkata,Pizza,P106,Scooter,718,14,19,Low,5,Delivered
1542,2026-02-07,C175,KFC,Kolkata,Fast Food,P104,Scooter,1097,24,39,Medium,4,Delivered
1543,2026-03-14,C248,Subway,Kolkata,Sandwiches,P108,Scooter,1184,16,49,High,3,Delivered
1544,2026-03-03,C060,Burger King,Kolkata,Burgers,P109,Bike,591,8,23,Medium,5,Delivered
1545,2026-02-15,C265,Dominos,Kolkata,Pizza,P118,Bike,917,15,47,Medium,3,Delivered
1546,2026-02-21,C176,Pizza Hut,Kolkata,Pizza,P103,Bike,687,10,19,Low,5,Delivered
1547,2026-01-25,C256,Pizza Hut,Kolkata,Pizza,P107,Bike,953,16,42,Medium,4,Delivered
1548,2026-02-01,C183,Dominos,Kolkata,Pizza,P105,Bike,322,14,72,High,1,Cancelled
1549,2026-03-11,C022,KFC,Kolkata,Fast Food,P116,Scooter,835,23,30,Medium,4,Delivered
1550,2026-03-04,C094,Pizza Hut,Kolkata,Pizza,P117,Scooter,607,16,31,Medium,4,Delivered
1551,2026-03-11,C017,Dominos,Kolkata,Pizza,P117,Scooter,603,12,73,High,1,Delivered
1552,2026-03-31,C266,Dominos,Kolkata,Pizza,P115,Scooter,905,11,49,Medium,3,Delivered
1553,2026-02-16,C133,KFC,Kolkata,Fast Food,P106,Scooter,442,14,22,Low,5,Delivered
1554,2026-02-16,C095,Pizza Hut,Kolkata,Pizza,P116,Scooter,415,18,39,Medium,4,Delivered
1555,2026-02-27,C093,Burger King,Kolkata,Burgers,P119,Bike,789,19,50,High,3,Delivered
1556,2026-03-13,C222,Dominos,Kolkata,Pizza,P113,Bike,349,16,67,High,1,Delivered
1557,2026-03-22,C265,Dominos,Kolkata,Pizza,P118,Scooter,1004,8,49,Medium,3,Delivered
1558,2026-03-14,C025,Burger King,Kolkata,Burgers,P113,Bike,907,25,44,Medium,4,Delivered
1559,2026-02-27,C172,Dominos,Kolkata,Pizza,P109,Scooter,568,16,24,Low,5,Delivered
1560,2026-02-14,C011,Subway,Kolkata,Sandwiches,P114,Bike,559,16,39,Medium,4,Delivered
1561,2026-02-15,C167,Subway,Kolkata,Sandwiches,P117,Scooter,993,25,29,Low,5,Delivered
1562,2026-03-20,C147,Burger King,Kolkata,Burgers,P115,Bike,1089,20,64,High,2,Delivered
1563,2026-02-21,C037,Dominos,Kolkata,Pizza,P103,Bike,551,18,38,Medium,4,Delivered
1564,2026-02-04,C203,Dominos,Kolkata,Pizza,P109,Scooter,999,17,49,Medium,3,Delivered
1565,2026-01-24,C012,Pizza Hut,Kolkata,Pizza,P105,Bike,877,24,61,High,2,Delivered
1566,2026-01-27,C086,Pizza Hut,Kolkata,Pizza,P113,Bike,297,10,53,High,3,Delivered
1567,2026-02-20,C269,KFC,Kolkata,Fast Food,P103,Bike,468,23,53,High,3,Delivered
1568,2026-02-09,C118,Subway,Kolkata,Sandwiches,P108,Scooter,653,20,24,Low,5,Delivered
1569,2026-02-11,C244,Dominos,Kolkata,Pizza,P115,Scooter,761,13,41,Low,4,Delivered
1570,2026-01-23,C234,Burger King,Kolkata,Burgers,P119,Scooter,736,25,26,Low,5,Delivered
1571,2026-01-12,C227,Subway,Kolkata,Sandwiches,P110,Scooter,622,19,33,Medium,4,Delivered
1572,2026-01-01,C268,Pizza Hut,Kolkata,Pizza,P105,Scooter,493,8,25,Low,5,Delivered
1573,2026-01-02,C221,Burger King,Kolkata,Burgers,P110,Bike,1015,23,44,Medium,4,Delivered
1574,2026-02-22,C288,KFC,Kolkata,Fast Food,P114,Scooter,455,14,35,Medium,4,Delivered
1575,2026-01-11,C217,Dominos,Kolkata,Pizza,P108,Scooter,491,20,65,High,1,Delivered
1576,2026-01-25,C036,Subway,Kolkata,Sandwiches,P106,Bike,496,21,51,High,3,Delivered
1577,2026-01-25,C165,KFC,Kolkata,Fast Food,P101,Bike,250,22,36,Medium,4,Delivered
1578,2026-02-06,C138,Subway,Kolkata,Sandwiches,P105,Scooter,944,11,33,Low,4,Delivered
1579,2026-02-23,C160,KFC,Kolkata,Fast Food,P116,Scooter,674,12,29,Low,5,Delivered
1580,2026-01-08,C137,KFC,Kolkata,Fast Food,P113,Bike,756,12,38,Medium,4,Delivered
1581,2026-01-16,C128,Burger King,Kolkata,Burgers,P113,Scooter,453,16,29,Low,5,Delivered
1582,2026-03-08,C107,KFC,Kolkata,Fast Food,P116,Scooter,897,11,15,Low,5,Delivered
1583,2026-03-12,C267,Pizza Hut,Kolkata,Pizza,P104,Scooter,692,13,53,High,3,Delivered
1584,2026-03-27,C112,Pizza Hut,Kolkata,Pizza,P104,Bike,848,9,23,Low,5,Delivered
1585,2026-02-20,C125,Burger King,Kolkata,Burgers,P101,Bike,795,13,40,Medium,4,Delivered
1586,2026-02-17,C046,Burger King,Kolkata,Burgers,P108,Bike,711,12,30,Medium,4,Delivered
1587,2026-03-22,C031,KFC,Kolkata,Fast Food,P102,Scooter,860,18,56,Medium,2,Delivered
1588,2026-01-17,C250,Dominos,Kolkata,Pizza,P108,Scooter,771,11,54,High,3,Delivered
1589,2026-02-18,C184,Pizza Hut,Kolkata,Pizza,P105,Scooter,1120,22,54,High,3,Delivered
1590,2026-03-13,C151,KFC,Kolkata,Fast Food,P118,Scooter,394,22,36,Medium,4,Delivered
1591,2026-03-18,C284,Subway,Kolkata,Sandwiches,P106,Bike,743,19,21,Low,5,Delivered
1592,2026-03-11,C188,Dominos,Kolkata,Pizza,P115,Bike,994,16,52,Medium,3,Delivered
1593,2026-02-16,C123,Subway,Kolkata,Sandwiches,P111,Bike,874,13,44,Medium,4,Delivered
1594,2026-03-09,C255,Subway,Kolkata,Sandwiches,P118,Bike,827,14,49,High,3,Delivered
1595,2026-01-09,C023,Pizza Hut,Kolkata,Pizza,P105,Bike,1094,18,43,Medium,4,Delivered
1596,2026-01-25,C051,KFC,Kolkata,Fast Food,P102,Scooter,873,23,29,Low,5,Delivered
1597,2026-01-10,C007,Burger King,Kolkata,Burgers,P107,Scooter,1150,16,42,Medium,4,Delivered
1598,2026-02-16,C286,KFC,Kolkata,Fast Food,P114,Scooter,1013,9,39,Medium,4,Delivered
1599,2026-02-08,C040,KFC,Kolkata,Fast Food,P107,Bike,303,16,45,High,3,Delivered
1600,2026-01-25,C270,Dominos,Kolkata,Pizza,P108,Bike,771,14,44,Medium,4,Delivered
1601,2026-03-28,C235,Subway,Kolkata,Sandwiches,P114,Bike,370,11,38,Medium,4,Delivered
1602,2026-02-13,C081,Dominos,Kolkata,Pizza,P118,Scooter,1155,24,38,Medium,4,Delivered
1603,2026-02-17,C212,Pizza Hut,Kolkata,Pizza,P114,Scooter,823,25,60,High,2,Delivered
1604,2026-02-18,C282,Dominos,Kolkata,Pizza,P109,Scooter,1184,14,45,Medium,3,Delivered
1605,2026-02-06,C009,Burger King,Kolkata,Burgers,P117,Bike,1111,20,39,Medium,4,Delivered
1606,2026-01-28,C162,Pizza Hut,Kolkata,Pizza,P101,Scooter,1141,15,25,Low,5,Delivered
1607,2026-01-20,C071,Subway,Kolkata,Sandwiches,P109,Scooter,1110,12,43,Medium,4,Delivered
1608,2026-02-08,C048,Subway,Kolkata,Sandwiches,P119,Scooter,782,16,28,Low,5,Delivered
1609,2026-03-30,C296,Dominos,Kolkata,Pizza,P104,Scooter,238,18,63,High,2,Delivered
1610,2026-02-12,C179,Subway,Kolkata,Sandwiches,P114,Scooter,1152,9,34,Medium,4,Delivered
1611,2026-01-02,C196,KFC,Kolkata,Fast Food,P102,Scooter,736,15,54,High,3,Delivered
1612,2026-02-11,C258,KFC,Kolkata,Fast Food,P108,Bike,251,12,26,Medium,5,Delivered
1613,2026-02-20,C076,Burger King,Kolkata,Burgers,P105,Scooter,284,24,60,High,2,Delivered
1614,2026-03-12,C205,Burger King,Kolkata,Burgers,P109,Bike,608,9,41,Medium,4,Delivered
1615,2026-01-26,C250,Subway,Kolkata,Sandwiches,P113,Bike,774,12,38,Medium,4,Delivered
1616,2026-02-01,C125,Subway,Kolkata,Sandwiches,P103,Scooter,995,24,48,High,3,Delivered
1617,2026-02-16,C179,Burger King,Kolkata,Burgers,P107,Scooter,552,10,42,Medium,4,Delivered
1618,2026-01-22,C180,Subway,Kolkata,Sandwiches,P120,Scooter,838,17,42,Medium,4,Delivered
1619,2026-01-11,C058,Dominos,Kolkata,Pizza,P102,Bike,1171,15,47,Medium,3,Delivered
1620,2026-01-02,C176,Subway,Kolkata,Sandwiches,P104,Scooter,660,17,60,High,2,Delivered
1621,2026-03-11,C268,Burger King,Kolkata,Burgers,P109,Scooter,837,14,24,Low,5,Delivered
1622,2026-02-18,C299,Dominos,Kolkata,Pizza,P117,Bike,461,8,41,Medium,4,Delivered
1623,2026-01-07,C239,Dominos,Kolkata,Pizza,P101,Bike,597,14,35,Low,4,Delivered
1624,2026-01-14,C010,Pizza Hut,Kolkata,Pizza,P110,Scooter,436,19,29,Medium,5,Delivered
1625,2026-03-18,C273,Burger King,Kolkata,Burgers,P103,Bike,403,11,43,Medium,4,Delivered
1626,2026-01-03,C021,Subway,Kolkata,Sandwiches,P108,Scooter,541,25,51,High,3,Delivered
1627,2026-02-15,C155,Burger King,Kolkata,Burgers,P108,Scooter,1031,13,47,Medium,3,Delivered
1628,2026-01-04,C285,KFC,Kolkata,Fast Food,P109,Bike,355,20,39,Medium,4,Delivered
1629,2026-03-28,C117,Pizza Hut,Kolkata,Pizza,P114,Bike,786,12,60,High,2,Delivered
1630,2026-03-19,C169,Dominos,Kolkata,Pizza,P115,Bike,411,17,49,Medium,3,Delivered
1631,2026-03-09,C070,Dominos,Kolkata,Pizza,P114,Bike,871,14,49,Medium,3,Delivered
1632,2026-01-09,C286,Subway,Kolkata,Sandwiches,P118,Bike,388,18,51,High,3,Delivered
1633,2026-02-22,C211,Pizza Hut,Kolkata,Pizza,P110,Scooter,963,12,53,High,3,Delivered
1634,2026-01-14,C068,Pizza Hut,Kolkata,Pizza,P106,Bike,980,14,15,Low,5,Delivered
1635,2026-01-04,C184,Subway,Kolkata,Sandwiches,P103,Scooter,337,15,34,Medium,4,Delivered
1636,2026-03-25,C192,Subway,Kolkata,Sandwiches,P106,Scooter,703,23,52,High,3,Delivered
1637,2026-01-02,C139,Burger King,Kolkata,Burgers,P114,Bike,960,14,25,Low,5,Delivered
1638,2026-02-26,C251,Dominos,Kolkata,Pizza,P111,Scooter,1108,10,69,High,1,Cancelled
1639,2026-02-10,C202,Dominos,Kolkata,Pizza,P120,Bike,733,9,37,Medium,4,Delivered
1640,2026-02-01,C266,KFC,Kolkata,Fast Food,P118,Scooter,952,9,30,Medium,4,Delivered
1641,2026-01-25,C150,KFC,Kolkata,Fast Food,P115,Scooter,1105,24,39,Medium,4,Delivered
1642,2026-03-01,C086,Pizza Hut,Kolkata,Pizza,P114,Scooter,827,17,39,High,4,Delivered
1643,2026-01-12,C257,KFC,Kolkata,Fast Food,P104,Bike,997,12,29,Medium,5,Delivered
1644,2026-01-18,C202,Subway,Kolkata,Sandwiches,P114,Scooter,661,25,56,High,2,Delivered
1645,2026-02-11,C084,KFC,Kolkata,Fast Food,P104,Bike,316,14,26,Low,5,Delivered
1646,2026-03-09,C197,Burger King,Kolkata,Burgers,P117,Bike,587,10,36,Medium,4,Delivered
1647,2026-03-26,C077,Subway,Kolkata,Sandwiches,P106,Bike,383,13,44,Medium,4,Delivered
1648,2026-02-27,C148,KFC,Kolkata,Fast Food,P106,Bike,1120,17,33,Medium,4,Delivered
1649,2026-02-28,C255,Dominos,Kolkata,Pizza,P116,Bike,822,8,59,High,2,Delivered
1650,2026-02-28,C210,Burger King,Kolkata,Burgers,P115,Bike,815,23,21,Low,5,Delivered
1651,2026-01-27,C026,Subway,Kolkata,Sandwiches,P106,Bike,256,25,23,Low,5,Delivered
1652,2026-03-27,C296,Pizza Hut,Kolkata,Pizza,P120,Scooter,539,9,33,Low,4,Delivered
1653,2026-02-06,C294,KFC,Kolkata,Fast Food,P118,Bike,1189,21,28,Low,5,Delivered
1654,2026-01-05,C048,Burger King,Kolkata,Burgers,P110,Scooter,577,19,54,High,3,Delivered
1655,2026-03-02,C069,Burger King,Kolkata,Burgers,P104,Scooter,537,21,56,High,2,Delivered
1656,2026-03-31,C108,Subway,Kolkata,Sandwiches,P120,Bike,311,14,36,Medium,4,Delivered
1657,2026-03-30,C148,Subway,Kolkata,Sandwiches,P114,Scooter,465,24,61,High,2,Delivered
1658,2026-01-17,C289,Subway,Kolkata,Sandwiches,P116,Scooter,704,19,37,Medium,4,Delivered
1659,2026-01-01,C061,Dominos,Kolkata,Pizza,P101,Scooter,840,15,58,High,2,Delivered
1660,2026-03-20,C213,KFC,Kolkata,Fast Food,P114,Bike,541,14,38,High,4,Delivered
1661,2026-02-06,C131,Pizza Hut,Kolkata,Pizza,P103,Scooter,507,14,42,Medium,4,Delivered
1662,2026-01-15,C171,Subway,Kolkata,Sandwiches,P111,Scooter,941,8,38,Medium,4,Delivered
1663,2026-02-13,C246,Subway,Kolkata,Sandwiches,P116,Bike,861,8,39,Medium,4,Delivered
1664,2026-03-10,C172,Dominos,Kolkata,Pizza,P115,Scooter,1150,22,42,Medium,4,Delivered
1665,2026-03-13,C275,KFC,Kolkata,Fast Food,P101,Bike,791,17,46,High,3,Delivered
1666,2026-01-09,C077,Pizza Hut,Kolkata,Pizza,P109,Bike,547,19,51,High,3,Delivered
1667,2026-03-18,C060,Burger King,Kolkata,Burgers,P110,Scooter,926,13,32,Medium,4,Delivered
1668,2026-03-05,C122,KFC,Kolkata,Fast Food,P112,Scooter,1049,10,22,Low,5,Delivered
1669,2026-01-05,C104,Pizza Hut,Kolkata,Pizza,P103,Scooter,718,17,27,Low,5,Delivered
1670,2026-01-20,C098,KFC,Kolkata,Fast Food,P111,Scooter,950,24,60,High,2,Delivered
1671,2026-03-08,C068,Subway,Kolkata,Sandwiches,P107,Bike,670,18,45,Medium,3,Delivered
1672,2026-01-15,C003,Burger King,Kolkata,Burgers,P110,Bike,903,24,64,High,2,Delivered
1673,2026-03-08,C160,Subway,Kolkata,Sandwiches,P101,Scooter,854,18,53,High,3,Delivered
1674,2026-02-06,C142,Dominos,Kolkata,Pizza,P118,Scooter,991,14,46,Medium,3,Delivered
1675,2026-01-02,C287,Burger King,Kolkata,Burgers,P117,Bike,411,16,40,Medium,4,Delivered
1676,2026-02-04,C073,Subway,Kolkata,Sandwiches,P110,Bike,375,18,41,Medium,4,Delivered
1677,2026-01-04,C242,KFC,Kolkata,Fast Food,P102,Bike,592,18,36,Medium,4,Delivered
1678,2026-01-23,C229,KFC,Kolkata,Fast Food,P120,Scooter,519,20,24,Low,5,Delivered
1679,2026-03-14,C068,Pizza Hut,Kolkata,Pizza,P103,Scooter,299,25,66,High,1,Delivered
1680,2026-03-02,C119,Burger King,Kolkata,Burgers,P108,Bike,1081,22,44,Medium,4,Delivered
1681,2026-03-27,C170,Subway,Kolkata,Sandwiches,P111,Scooter,699,19,17,Low,5,Delivered
1682,2026-02-14,C246,KFC,Kolkata,Fast Food,P115,Bike,489,11,30,Low,4,Delivered
1683,2026-01-14,C167,Pizza Hut,Kolkata,Pizza,P118,Bike,1011,12,31,Medium,4,Delivered
1684,2026-03-17,C212,Pizza Hut,Kolkata,Pizza,P108,Bike,761,20,37,Medium,4,Delivered
1685,2026-02-25,C223,Dominos,Kolkata,Pizza,P119,Scooter,757,20,66,High,1,Delivered
1686,2026-03-15,C250,Dominos,Kolkata,Pizza,P104,Scooter,533,10,34,Low,4,Delivered
1687,2026-01-09,C056,Subway,Kolkata,Sandwiches,P120,Scooter,535,22,31,Low,4,Delivered
1688,2026-01-12,C112,Burger King,Kolkata,Burgers,P105,Bike,975,9,51,Medium,3,Delivered
1689,2026-03-15,C229,Dominos,Kolkata,Pizza,P107,Bike,897,22,40,Medium,4,Delivered
1690,2026-02-25,C177,Pizza Hut,Kolkata,Pizza,P103,Bike,826,17,23,Low,5,Delivered
1691,2026-03-12,C028,Subway,Kolkata,Sandwiches,P101,Scooter,312,12,39,Medium,4,Delivered
1692,2026-02-25,C202,Pizza Hut,Kolkata,Pizza,P111,Scooter,615,15,53,High,3,Delivered
1693,2026-01-25,C285,Burger King,Kolkata,Burgers,P113,Scooter,1060,14,34,Medium,4,Delivered
1694,2026-01-18,C006,Burger King,Kolkata,Burgers,P103,Bike,347,12,19,Low,5,Delivered
1695,2026-02-23,C234,Burger King,Kolkata,Burgers,P120,Scooter,838,12,45,Medium,3,Delivered
1696,2026-03-12,C231,Dominos,Kolkata,Pizza,P113,Scooter,431,21,50,Medium,3,Delivered
1697,2026-01-31,C257,Dominos,Kolkata,Pizza,P109,Scooter,1148,8,35,Medium,4,Delivered
1698,2026-01-05,C291,Subway,Kolkata,Sandwiches,P116,Scooter,315,9,32,Medium,4,Delivered
1699,2026-02-05,C239,Subway,Kolkata,Sandwiches,P117,Bike,735,10,44,Medium,4,Delivered
1700,2026-03-22,C040,Subway,Kolkata,Sandwiches,P118,Scooter,827,23,32,Low,4,Delivered
1701,2026-03-07,C241,KFC,Kolkata,Fast Food,P119,Scooter,631,25,56,High,2,Delivered
1702,2026-02-07,C086,Pizza Hut,Kolkata,Pizza,P102,Scooter,944,17,48,High,3,Delivered
1703,2026-03-26,C150,Subway,Kolkata,Sandwiches,P120,Bike,493,23,18,Low,5,Delivered
1704,2026-01-10,C143,Burger King,Kolkata,Burgers,P109,Bike,830,24,21,Low,5,Delivered
1705,2026-01-23,C078,Pizza Hut,Kolkata,Pizza,P115,Scooter,1027,16,27,Low,5,Delivered
1706,2026-03-04,C093,Dominos,Kolkata,Pizza,P117,Bike,551,15,33,Low,4,Delivered
1707,2026-02-22,C197,KFC,Kolkata,Fast Food,P108,Scooter,943,12,60,High,2,Delivered
1708,2026-01-07,C136,Dominos,Kolkata,Pizza,P104,Bike,371,19,24,Low,5,Delivered
1709,2026-03-10,C120,Burger King,Kolkata,Burgers,P113,Scooter,685,17,23,Medium,5,Delivered
1710,2026-01-02,C148,Pizza Hut,Kolkata,Pizza,P115,Scooter,894,21,27,Low,5,Delivered
1711,2026-02-15,C222,Pizza Hut,Kolkata,Pizza,P120,Scooter,543,9,61,High,2,Delivered
1712,2026-02-02,C300,Pizza Hut,Kolkata,Pizza,P113,Scooter,991,11,29,Low,5,Delivered
1713,2026-01-24,C161,Dominos,Kolkata,Pizza,P118,Bike,888,14,54,High,3,Delivered
1714,2026-02-22,C051,KFC,Kolkata,Fast Food,P117,Bike,901,8,53,High,3,Delivered
1715,2026-03-21,C048,Burger King,Kolkata,Burgers,P102,Bike,1173,17,37,Medium,4,Delivered
1716,2026-01-12,C067,Subway,Kolkata,Sandwiches,P113,Bike,1117,11,39,Medium,4,Delivered
1717,2026-01-10,C233,KFC,Kolkata,Fast Food,P109,Scooter,908,16,35,Medium,4,Delivered
1718,2026-02-05,C032,Pizza Hut,Kolkata,Pizza,P113,Scooter,540,10,33,Low,4,Delivered
1719,2026-01-26,C202,KFC,Kolkata,Fast Food,P106,Scooter,311,16,25,Low,5,Delivered
1720,2026-01-28,C055,Dominos,Kolkata,Pizza,P115,Scooter,305,21,48,Medium,3,Delivered
1721,2026-03-05,C077,KFC,Kolkata,Fast Food,P101,Bike,880,16,25,Low,5,Delivered
1722,2026-02-20,C295,Burger King,Kolkata,Burgers,P101,Scooter,689,18,23,Low,5,Delivered
1723,2026-03-30,C247,Burger King,Kolkata,Burgers,P104,Scooter,541,10,37,Medium,4,Delivered
1724,2026-02-16,C274,Pizza Hut,Kolkata,Pizza,P111,Bike,1061,10,37,Medium,4,Delivered
1725,2026-01-06,C197,Burger King,Kolkata,Burgers,P107,Scooter,912,17,52,High,3,Delivered
1726,2026-03-04,C044,Burger King,Kolkata,Burgers,P115,Bike,343,19,52,High,3,Delivered
1727,2026-03-11,C158,KFC,Kolkata,Fast Food,P116,Scooter,1189,15,22,Low,5,Delivered
1728,2026-02-13,C022,KFC,Kolkata,Fast Food,P113,Bike,416,9,25,Low,5,Delivered
1729,2026-01-10,C019,Subway,Kolkata,Sandwiches,P105,Scooter,869,25,42,Medium,4,Delivered
1730,2026-02-01,C067,KFC,Kolkata,Fast Food,P101,Bike,847,9,44,Medium,4,Delivered
1731,2026-03-17,C033,KFC,Kolkata,Fast Food,P104,Bike,709,11,51,High,3,Delivered
1732,2026-01-09,C104,Subway,Kolkata,Sandwiches,P114,Scooter,1030,15,55,High,2,Delivered
1733,2026-01-28,C024,Burger King,Kolkata,Burgers,P119,Bike,543,25,45,Medium,3,Delivered
1734,2026-02-23,C087,KFC,Kolkata,Fast Food,P112,Bike,649,12,33,Low,4,Delivered
1735,2026-02-18,C081,Dominos,Kolkata,Pizza,P101,Scooter,282,9,70,High,1,Delivered
1736,2026-03-25,C146,KFC,Kolkata,Fast Food,P114,Scooter,908,10,32,Low,4,Delivered
1737,2026-01-23,C020,Dominos,Kolkata,Pizza,P120,Bike,934,16,26,Low,5,Delivered
1738,2026-03-22,C155,Burger King,Kolkata,Burgers,P112,Scooter,204,10,37,Medium,4,Delivered
1739,2026-03-21,C186,Subway,Kolkata,Sandwiches,P118,Bike,675,11,41,Low,4,Delivered
1740,2026-01-15,C077,Dominos,Kolkata,Pizza,P116,Scooter,380,14,31,Low,4,Delivered
1741,2026-01-27,C223,Dominos,Kolkata,Pizza,P109,Scooter,831,9,51,Medium,3,Delivered
1742,2026-03-10,C091,Burger King,Kolkata,Burgers,P106,Bike,696,9,26,Low,5,Delivered
1743,2026-02-11,C215,Subway,Kolkata,Sandwiches,P107,Scooter,435,15,23,Low,5,Delivered
1744,2026-01-31,C212,KFC,Kolkata,Fast Food,P107,Scooter,1112,11,30,Medium,4,Delivered
1745,2026-01-28,C233,Dominos,Kolkata,Pizza,P106,Scooter,582,23,39,Low,4,Delivered
1746,2026-03-22,C184,Dominos,Kolkata,Pizza,P109,Bike,543,14,48,Medium,3,Delivered
1747,2026-03-01,C235,Dominos,Kolkata,Pizza,P114,Bike,978,9,32,Low,4,Delivered
1748,2026-03-19,C081,Pizza Hut,Kolkata,Pizza,P120,Bike,791,17,27,Low,5,Delivered
1749,2026-01-28,C243,Subway,Kolkata,Sandwiches,P115,Scooter,214,10,48,High,3,Delivered
1750,2026-02-01,C168,Burger King,Kolkata,Burgers,P114,Bike,1113,15,58,High,2,Delivered
1751,2026-03-02,C259,Subway,Kolkata,Sandwiches,P102,Scooter,743,8,53,High,3,Delivered
1752,2026-02-27,C254,Burger King,Kolkata,Burgers,P108,Bike,771,11,38,Medium,4,Delivered
1753,2026-02-07,C123,KFC,Kolkata,Fast Food,P103,Bike,691,21,41,Medium,4,Delivered
1754,2026-03-15,C299,Pizza Hut,Kolkata,Pizza,P101,Scooter,674,22,24,Low,5,Delivered
1755,2026-03-23,C001,Dominos,Kolkata,Pizza,P103,Scooter,1114,20,67,High,1,Delivered
1756,2026-02-24,C139,Pizza Hut,Kolkata,Pizza,P120,Bike,1006,17,49,Medium,3,Delivered
1757,2026-03-28,C187,KFC,Kolkata,Fast Food,P102,Bike,592,18,37,Medium,4,Delivered
1758,2026-02-16,C188,Pizza Hut,Kolkata,Pizza,P106,Bike,774,9,35,Medium,4,Delivered
1759,2026-03-03,C298,Dominos,Kolkata,Pizza,P107,Bike,528,18,33,Low,4,Delivered
1760,2026-03-29,C217,Pizza Hut,Kolkata,Pizza,P109,Bike,264,24,57,High,2,Delivered
1761,2026-03-02,C273,Pizza Hut,Kolkata,Pizza,P118,Scooter,662,23,26,Medium,5,Delivered
1762,2026-01-25,C235,Subway,Kolkata,Sandwiches,P103,Bike,600,10,37,Medium,4,Delivered
1763,2026-03-31,C076,Dominos,Kolkata,Pizza,P116,Bike,1095,10,36,Low,4,Delivered
1764,2026-02-07,C214,Dominos,Kolkata,Pizza,P118,Bike,685,8,49,Medium,3,Delivered
1765,2026-01-30,C267,Pizza Hut,Kolkata,Pizza,P111,Scooter,792,8,37,Medium,4,Delivered
1766,2026-03-04,C272,Pizza Hut,Kolkata,Pizza,P118,Scooter,668,18,40,Medium,4,Delivered
1767,2026-03-03,C191,Pizza Hut,Kolkata,Pizza,P110,Bike,351,17,40,Medium,4,Delivered
1768,2026-03-21,C083,Pizza Hut,Kolkata,Pizza,P118,Scooter,386,13,29,Low,5,Delivered
1769,2026-02-10,C295,Dominos,Kolkata,Pizza,P105,Scooter,466,12,64,High,2,Delivered
1770,2026-01-05,C163,Pizza Hut,Kolkata,Pizza,P112,Bike,581,25,27,Low,5,Delivered
1771,2026-01-04,C208,Burger King,Kolkata,Burgers,P116,Bike,1170,13,35,Medium,4,Delivered
1772,2026-01-01,C280,Burger King,Kolkata,Burgers,P117,Scooter,862,12,54,High,3,Delivered
1773,2026-03-15,C076,Pizza Hut,Kolkata,Pizza,P119,Scooter,546,17,47,Medium,3,Delivered
1774,2026-01-18,C283,KFC,Kolkata,Fast Food,P104,Scooter,225,9,53,High,3,Delivered
1775,2026-01-08,C100,Burger King,Kolkata,Burgers,P119,Bike,1000,15,35,Medium,4,Delivered
1776,2026-03-10,C229,Pizza Hut,Kolkata,Pizza,P103,Scooter,399,10,25,Low,5,Delivered
1777,2026-02-16,C204,Burger King,Kolkata,Burgers,P105,Scooter,578,24,50,Medium,3,Delivered
1778,2026-02-14,C180,Burger King,Kolkata,Burgers,P110,Scooter,1095,17,33,Medium,4,Delivered
1779,2026-02-26,C148,Subway,Kolkata,Sandwiches,P106,Scooter,946,22,24,Low,5,Delivered
1780,2026-01-19,C107,Burger King,Kolkata,Burgers,P110,Scooter,1088,10,18,Low,5,Delivered
1781,2026-02-18,C046,Subway,Kolkata,Sandwiches,P101,Scooter,854,10,62,High,2,Delivered
1782,2026-03-01,C291,Pizza Hut,Kolkata,Pizza,P105,Bike,390,25,34,Medium,4,Delivered
1783,2026-03-16,C156,Burger King,Kolkata,Burgers,P116,Scooter,429,23,35,Low,4,Delivered
1784,2026-02-03,C154,KFC,Kolkata,Fast Food,P116,Bike,869,12,57,High,2,Delivered
1785,2026-01-04,C062,Pizza Hut,Kolkata,Pizza,P109,Scooter,1193,23,45,Medium,3,Delivered
1786,2026-03-16,C247,KFC,Kolkata,Fast Food,P119,Scooter,1089,19,33,Medium,4,Delivered
1787,2026-02-17,C263,Pizza Hut,Kolkata,Pizza,P119,Bike,1065,23,48,Medium,3,Delivered
1788,2026-01-19,C164,Pizza Hut,Kolkata,Pizza,P115,Bike,565,9,23,Low,5,Delivered
1789,2026-02-15,C025,Dominos,Kolkata,Pizza,P110,Scooter,742,19,21,Low,5,Delivered
1790,2026-01-13,C086,KFC,Kolkata,Fast Food,P118,Scooter,1093,13,44,Medium,4,Delivered
1791,2026-02-16,C050,Pizza Hut,Kolkata,Pizza,P118,Scooter,1043,17,53,High,3,Delivered
1792,2026-02-06,C191,Dominos,Kolkata,Pizza,P116,Scooter,548,24,42,Low,4,Delivered
1793,2026-03-13,C270,Dominos,Kolkata,Pizza,P118,Bike,627,12,21,Low,5,Delivered
1794,2026-01-17,C009,Burger King,Kolkata,Burgers,P116,Scooter,519,11,54,High,3,Delivered
1795,2026-02-13,C089,Pizza Hut,Kolkata,Pizza,P110,Bike,962,22,31,Low,4,Delivered
1796,2026-03-30,C117,KFC,Kolkata,Fast Food,P110,Bike,414,12,19,Low,5,Delivered
1797,2026-01-10,C010,Dominos,Kolkata,Pizza,P116,Scooter,243,21,59,High,2,Delivered
1798,2026-03-17,C031,Dominos,Kolkata,Pizza,P116,Bike,1130,24,23,Low,5,Delivered
1799,2026-01-16,C106,Pizza Hut,Kolkata,Pizza,P119,Bike,389,17,20,Low,5,Delivered
1800,2026-02-05,C297,Pizza Hut,Kolkata,Pizza,P112,Scooter,364,12,16,Low,5,Delivered
1801,2026-03-16,C008,Subway,Kolkata,Sandwiches,P117,Bike,932,15,52,High,3,Delivered
1802,2026-03-10,C003,Dominos,Kolkata,Pizza,P104,Bike,1142,13,62,High,2,Delivered
1803,2026-02-26,C055,Subway,Kolkata,Sandwiches,P106,Scooter,588,23,49,High,3,Delivered
1804,2026-02-22,C058,Burger King,Kolkata,Burgers,P111,Bike,677,15,30,Low,4,Delivered
1805,2026-03-13,C021,KFC,Kolkata,Fast Food,P103,Scooter,705,23,38,Medium,4,Delivered
1806,2026-03-18,C160,KFC,Kolkata,Fast Food,P115,Bike,767,22,28,Medium,5,Delivered
1807,2026-03-02,C189,Burger King,Kolkata,Burgers,P106,Bike,890,21,25,Low,5,Delivered
1808,2026-02-26,C268,Burger King,Kolkata,Burgers,P103,Bike,346,20,40,Medium,4,Delivered
1809,2026-01-22,C034,Burger King,Kolkata,Burgers,P112,Bike,546,11,37,Medium,4,Delivered
1810,2026-01-16,C120,Dominos,Kolkata,Pizza,P114,Scooter,485,20,33,Medium,4,Delivered
1811,2026-02-21,C249,Subway,Kolkata,Sandwiches,P117,Scooter,350,20,32,Medium,4,Delivered
1812,2026-03-04,C255,Burger King,Kolkata,Burgers,P108,Bike,230,16,31,Low,4,Delivered
1813,2026-01-23,C196,KFC,Kolkata,Fast Food,P120,Scooter,356,10,53,High,3,Delivered
1814,2026-01-10,C267,Pizza Hut,Kolkata,Pizza,P116,Scooter,406,11,38,Medium,4,Delivered
1815,2026-03-11,C280,Pizza Hut,Kolkata,Pizza,P101,Bike,640,23,30,Medium,4,Delivered
1816,2026-02-18,C227,KFC,Kolkata,Fast Food,P115,Bike,233,18,37,Medium,4,Delivered
1817,2026-02-25,C069,Dominos,Kolkata,Pizza,P110,Scooter,699,17,48,Medium,3,Delivered
1818,2026-03-26,C284,KFC,Kolkata,Fast Food,P118,Scooter,687,23,35,Medium,4,Delivered
1819,2026-03-17,C194,Subway,Kolkata,Sandwiches,P120,Scooter,984,24,59,High,2,Delivered
1820,2026-03-17,C024,Pizza Hut,Kolkata,Pizza,P105,Scooter,557,8,39,Medium,4,Delivered
1821,2026-02-15,C211,Subway,Kolkata,Sandwiches,P112,Bike,877,18,20,Low,5,Delivered
1822,2026-03-17,C044,Dominos,Kolkata,Pizza,P103,Scooter,317,17,37,Low,4,Delivered
1823,2026-02-24,C291,Pizza Hut,Kolkata,Pizza,P117,Scooter,473,25,21,Low,5,Delivered
1824,2026-02-10,C194,KFC,Kolkata,Fast Food,P119,Scooter,530,8,43,Medium,4,Delivered
1825,2026-02-13,C255,Subway,Kolkata,Sandwiches,P117,Scooter,370,23,32,Low,4,Delivered
1826,2026-01-26,C255,Subway,Kolkata,Sandwiches,P103,Bike,494,21,30,Low,4,Delivered
1827,2026-01-12,C297,Pizza Hut,Kolkata,Pizza,P104,Scooter,479,20,27,Low,5,Delivered
1828,2026-03-02,C219,KFC,Kolkata,Fast Food,P107,Scooter,1014,24,30,Medium,4,Delivered
1829,2026-03-26,C277,KFC,Kolkata,Fast Food,P111,Bike,624,17,32,Medium,4,Delivered
1830,2026-02-28,C281,Burger King,Kolkata,Burgers,P106,Bike,842,24,24,Low,5,Delivered
1831,2026-03-01,C138,Subway,Kolkata,Sandwiches,P118,Scooter,1157,23,58,High,2,Delivered
1832,2026-02-16,C237,Subway,Kolkata,Sandwiches,P105,Bike,354,9,69,High,1,Delivered
1833,2026-01-09,C105,Pizza Hut,Kolkata,Pizza,P114,Scooter,1043,21,50,High,3,Delivered
1834,2026-03-29,C121,Pizza Hut,Kolkata,Pizza,P113,Bike,316,16,48,Medium,3,Delivered
1835,2026-03-04,C287,Dominos,Kolkata,Pizza,P114,Scooter,862,15,34,Low,4,Delivered
1836,2026-01-18,C015,KFC,Kolkata,Fast Food,P109,Scooter,874,16,20,Low,5,Delivered
1837,2026-01-03,C029,Subway,Kolkata,Sandwiches,P103,Scooter,816,9,31,Low,4,Delivered
1838,2026-02-16,C047,Pizza Hut,Kolkata,Pizza,P113,Bike,441,21,53,High,3,Delivered
1839,2026-03-16,C269,KFC,Kolkata,Fast Food,P109,Scooter,1105,24,44,Medium,4,Delivered
1840,2026-02-10,C169,KFC,Kolkata,Fast Food,P119,Scooter,1025,11,22,Low,5,Delivered
1841,2026-02-05,C226,Dominos,Kolkata,Pizza,P114,Scooter,1083,14,65,High,1,Delivered
1842,2026-02-17,C058,Subway,Kolkata,Sandwiches,P111,Scooter,686,25,27,Low,5,Delivered
1843,2026-02-09,C011,Dominos,Kolkata,Pizza,P120,Bike,1061,12,56,High,2,Delivered
1844,2026-02-02,C283,KFC,Kolkata,Fast Food,P113,Scooter,854,15,45,Medium,3,Delivered
1845,2026-02-26,C199,Pizza Hut,Kolkata,Pizza,P101,Scooter,1149,11,50,High,3,Delivered
1846,2026-02-08,C108,Pizza Hut,Kolkata,Pizza,P106,Scooter,846,15,37,Medium,4,Delivered
1847,2026-01-11,C252,Pizza Hut,Kolkata,Pizza,P116,Scooter,1148,21,56,High,2,Delivered
1848,2026-01-21,C134,Pizza Hut,Kolkata,Pizza,P117,Bike,560,11,50,High,3,Delivered
1849,2026-01-04,C027,Burger King,Kolkata,Burgers,P106,Scooter,1010,25,37,Medium,4,Delivered
1850,2026-03-22,C157,Dominos,Kolkata,Pizza,P111,Bike,313,14,26,Low,5,Delivered
1851,2026-02-10,C232,Dominos,Kolkata,Pizza,P116,Bike,466,12,38,Low,4,Delivered
1852,2026-02-06,C102,Dominos,Kolkata,Pizza,P103,Scooter,576,18,38,Medium,4,Delivered
1853,2026-01-29,C011,Dominos,Kolkata,Pizza,P101,Bike,1128,20,57,Medium,2,Delivered
1854,2026-02-03,C087,KFC,Kolkata,Fast Food,P102,Scooter,832,14,50,High,3,Delivered
1855,2026-03-14,C061,Burger King,Kolkata,Burgers,P101,Scooter,991,12,42,Medium,4,Delivered
1856,2026-01-16,C115,Burger King,Kolkata,Burgers,P107,Bike,1168,23,58,High,2,Delivered
1857,2026-01-27,C111,Pizza Hut,Kolkata,Pizza,P110,Bike,628,23,20,Low,5,Delivered
1858,2026-01-04,C149,Dominos,Kolkata,Pizza,P109,Bike,832,12,50,Medium,3,Delivered
1859,2026-01-11,C006,Burger King,Kolkata,Burgers,P116,Bike,1092,19,47,High,3,Delivered
1860,2026-03-29,C109,Pizza Hut,Kolkata,Pizza,P113,Scooter,953,20,50,High,3,Delivered
1861,2026-01-31,C242,Subway,Kolkata,Sandwiches,P112,Bike,205,11,23,Low,5,Delivered
1862,2026-02-08,C203,Pizza Hut,Kolkata,Pizza,P112,Bike,1191,20,37,Medium,4,Delivered
1863,2026-02-13,C240,Subway,Kolkata,Sandwiches,P105,Bike,524,13,24,Low,5,Delivered
1864,2026-01-15,C161,Subway,Kolkata,Sandwiches,P102,Bike,711,16,45,Medium,3,Delivered
1865,2026-03-20,C136,Pizza Hut,Kolkata,Pizza,P117,Scooter,646,21,52,High,3,Delivered
1866,2026-01-20,C285,Dominos,Kolkata,Pizza,P115,Bike,393,23,58,Medium,2,Delivered
1867,2026-03-01,C224,Dominos,Kolkata,Pizza,P104,Scooter,241,13,37,Low,4,Delivered
1868,2026-03-04,C235,Burger King,Kolkata,Burgers,P116,Bike,1066,25,39,Medium,4,Delivered
1869,2026-01-22,C261,Dominos,Kolkata,Pizza,P109,Bike,797,10,34,Low,4,Delivered
1870,2026-02-23,C040,KFC,Kolkata,Fast Food,P108,Scooter,893,13,42,Medium,4,Delivered
1871,2026-01-16,C202,KFC,Kolkata,Fast Food,P112,Bike,1057,8,51,High,3,Delivered
1872,2026-02-28,C246,Pizza Hut,Kolkata,Pizza,P115,Scooter,808,10,41,Low,4,Delivered
1873,2026-02-11,C292,KFC,Kolkata,Fast Food,P105,Bike,1083,9,29,Medium,5,Delivered
1874,2026-02-11,C029,KFC,Kolkata,Fast Food,P103,Scooter,294,17,42,High,4,Delivered
1875,2026-01-12,C011,Burger King,Kolkata,Burgers,P107,Bike,597,15,36,Low,4,Delivered
1876,2026-01-16,C153,Burger King,Kolkata,Burgers,P116,Scooter,953,12,22,Low,5,Delivered
1877,2026-02-17,C263,Pizza Hut,Kolkata,Pizza,P107,Scooter,656,12,53,High,3,Delivered
1878,2026-01-12,C217,Burger King,Kolkata,Burgers,P112,Bike,644,21,40,Medium,4,Delivered
1879,2026-01-29,C080,Burger King,Kolkata,Burgers,P116,Bike,497,24,21,Low,5,Delivered
1880,2026-02-08,C077,Burger King,Kolkata,Burgers,P105,Scooter,1061,23,43,Medium,4,Delivered
1881,2026-01-06,C263,Dominos,Kolkata,Pizza,P104,Scooter,622,17,39,Medium,4,Delivered
1882,2026-02-15,C131,KFC,Kolkata,Fast Food,P119,Bike,987,16,34,Medium,4,Delivered
1883,2026-02-20,C024,Subway,Kolkata,Sandwiches,P103,Scooter,1097,22,26,Low,5,Delivered
1884,2026-03-27,C231,Pizza Hut,Kolkata,Pizza,P120,Scooter,549,22,41,Medium,4,Delivered
1885,2026-03-28,C055,Dominos,Kolkata,Pizza,P114,Bike,205,10,32,Low,4,Delivered
1886,2026-03-25,C245,Burger King,Kolkata,Burgers,P115,Scooter,1089,13,16,Low,5,Delivered
1887,2026-02-16,C203,Subway,Kolkata,Sandwiches,P110,Bike,328,17,43,High,4,Delivered
1888,2026-01-03,C097,Dominos,Kolkata,Pizza,P101,Bike,692,11,22,Low,5,Delivered
1889,2026-03-10,C098,Dominos,Kolkata,Pizza,P103,Scooter,988,21,52,Medium,3,Delivered
1890,2026-01-03,C060,Burger King,Kolkata,Burgers,P106,Bike,956,21,15,Low,5,Delivered
1891,2026-02-01,C104,Burger King,Kolkata,Burgers,P110,Scooter,252,23,61,High,2,Delivered
1892,2026-02-23,C254,Pizza Hut,Kolkata,Pizza,P119,Scooter,237,21,25,Low,5,Delivered
1893,2026-03-28,C250,Burger King,Kolkata,Burgers,P108,Bike,740,24,31,Medium,4,Delivered
1894,2026-03-12,C033,KFC,Kolkata,Fast Food,P109,Scooter,1110,18,33,Medium,4,Delivered
1895,2026-01-21,C148,Burger King,Kolkata,Burgers,P107,Scooter,552,19,18,Low,5,Delivered
1896,2026-03-17,C174,Burger King,Kolkata,Burgers,P120,Scooter,334,15,27,Low,5,Delivered
1897,2026-03-28,C185,Pizza Hut,Kolkata,Pizza,P116,Bike,836,20,65,High,1,Delivered
1898,2026-03-27,C248,Dominos,Kolkata,Pizza,P105,Bike,404,10,30,Low,4,Delivered
1899,2026-03-05,C156,Dominos,Kolkata,Pizza,P108,Bike,770,11,49,Medium,3,Delivered
1900,2026-02-03,C183,KFC,Kolkata,Fast Food,P106,Bike,1047,19,41,High,4,Delivered
1901,2026-01-30,C062,Subway,Kolkata,Sandwiches,P118,Bike,698,10,23,Low,5,Delivered
1902,2026-01-06,C286,Pizza Hut,Kolkata,Pizza,P109,Bike,1073,19,57,High,2,Delivered
1903,2026-02-26,C235,Subway,Kolkata,Sandwiches,P104,Bike,1000,11,34,Medium,4,Delivered
1904,2026-03-13,C022,Subway,Kolkata,Sandwiches,P117,Bike,371,11,24,Medium,5,Delivered
1905,2026-02-26,C260,KFC,Kolkata,Fast Food,P116,Bike,357,19,57,High,2,Delivered
1906,2026-01-16,C104,Pizza Hut,Kolkata,Pizza,P115,Scooter,987,12,42,Medium,4,Delivered
1907,2026-01-11,C137,KFC,Kolkata,Fast Food,P112,Scooter,569,23,21,Low,5,Delivered
1908,2026-02-23,C117,Dominos,Kolkata,Pizza,P105,Scooter,623,24,38,Low,4,Delivered
1909,2026-01-04,C227,Burger King,Kolkata,Burgers,P105,Bike,934,24,56,High,2,Delivered
1910,2026-02-13,C162,Subway,Kolkata,Sandwiches,P113,Bike,644,10,49,High,3,Delivered
1911,2026-03-15,C030,KFC,Kolkata,Fast Food,P117,Scooter,629,9,33,Medium,4,Delivered
1912,2026-02-08,C161,Burger King,Kolkata,Burgers,P112,Bike,1046,25,47,High,3,Delivered
1913,2026-01-27,C279,Pizza Hut,Kolkata,Pizza,P120,Scooter,914,12,52,High,3,Delivered
1914,2026-01-26,C155,Pizza Hut,Kolkata,Pizza,P103,Bike,750,20,48,High,3,Delivered
1915,2026-01-28,C048,Pizza Hut,Kolkata,Pizza,P117,Scooter,733,12,30,Medium,4,Delivered
1916,2026-01-03,C015,Pizza Hut,Kolkata,Pizza,P118,Scooter,447,13,54,High,3,Delivered
1917,2026-02-17,C133,Pizza Hut,Kolkata,Pizza,P117,Scooter,326,24,56,High,2,Delivered
1918,2026-02-27,C153,KFC,Kolkata,Fast Food,P119,Bike,664,11,56,High,2,Delivered
1919,2026-02-08,C146,Pizza Hut,Kolkata,Pizza,P119,Bike,931,25,57,High,2,Delivered
1920,2026-01-14,C168,Burger King,Kolkata,Burgers,P117,Bike,1042,15,34,Medium,4,Delivered
1921,2026-01-11,C048,Pizza Hut,Kolkata,Pizza,P102,Scooter,1109,12,35,Medium,4,Delivered
1922,2026-01-10,C190,Dominos,Kolkata,Pizza,P117,Scooter,802,22,35,Medium,4,Delivered
1923,2026-03-23,C217,Subway,Kolkata,Sandwiches,P115,Scooter,949,20,43,Medium,4,Delivered
1924,2026-03-06,C066,Burger King,Kolkata,Burgers,P116,Scooter,332,12,49,High,3,Delivered
1925,2026-01-05,C081,Subway,Kolkata,Sandwiches,P118,Scooter,1143,11,52,High,3,Delivered
1926,2026-01-15,C062,KFC,Kolkata,Fast Food,P112,Scooter,241,21,31,Medium,4,Delivered
1927,2026-02-07,C249,Subway,Kolkata,Sandwiches,P101,Bike,345,19,23,Low,5,Delivered
1928,2026-02-06,C111,Subway,Kolkata,Sandwiches,P106,Scooter,202,17,43,Medium,4,Delivered
1929,2026-03-15,C159,KFC,Kolkata,Fast Food,P119,Scooter,1121,10,42,Medium,4,Delivered
1930,2026-03-19,C068,Pizza Hut,Kolkata,Pizza,P105,Scooter,979,23,50,High,3,Delivered
1931,2026-03-21,C210,Burger King,Kolkata,Burgers,P113,Bike,1121,12,41,Medium,4,Delivered
1932,2026-03-27,C227,Burger King,Kolkata,Burgers,P109,Bike,1086,9,34,Medium,4,Delivered
1933,2026-03-13,C044,Dominos,Kolkata,Pizza,P107,Bike,1180,17,60,High,2,Delivered
1934,2026-03-06,C010,Subway,Kolkata,Sandwiches,P104,Bike,1185,23,36,Medium,4,Delivered
1935,2026-03-16,C228,KFC,Kolkata,Fast Food,P103,Scooter,611,14,25,Low,5,Delivered
1936,2026-02-13,C224,Subway,Kolkata,Sandwiches,P106,Scooter,224,8,34,Low,4,Delivered
1937,2026-03-11,C087,Subway,Kolkata,Sandwiches,P110,Bike,387,16,52,Medium,3,Delivered
1938,2026-02-09,C209,Pizza Hut,Kolkata,Pizza,P106,Bike,829,12,64,High,2,Delivered
1939,2026-01-19,C212,Pizza Hut,Kolkata,Pizza,P111,Scooter,584,9,24,Low,5,Delivered
1940,2026-03-18,C122,KFC,Kolkata,Fast Food,P116,Scooter,1172,15,27,Low,5,Delivered
1941,2026-03-03,C015,KFC,Kolkata,Fast Food,P114,Bike,1135,18,19,Low,5,Delivered
1942,2026-02-01,C285,KFC,Kolkata,Fast Food,P105,Scooter,781,11,26,Low,5,Delivered
1943,2026-02-17,C277,Burger King,Kolkata,Burgers,P106,Bike,750,24,42,Medium,4,Delivered
1944,2026-01-01,C238,Burger King,Kolkata,Burgers,P120,Scooter,868,25,70,High,1,Delivered
1945,2026-03-29,C195,Dominos,Kolkata,Pizza,P112,Bike,799,23,32,Low,4,Delivered
1946,2026-03-10,C289,Subway,Kolkata,Sandwiches,P103,Scooter,291,13,29,Low,5,Delivered
1947,2026-02-25,C108,Burger King,Kolkata,Burgers,P120,Scooter,1105,12,34,Medium,4,Delivered
1948,2026-02-04,C126,Pizza Hut,Kolkata,Pizza,P111,Scooter,415,22,16,Medium,5,Delivered
1949,2026-03-24,C002,Burger King,Kolkata,Burgers,P120,Scooter,204,18,64,High,2,Delivered
1950,2026-03-13,C251,KFC,Kolkata,Fast Food,P113,Bike,1006,21,38,Medium,4,Delivered
1951,2026-02-18,C184,KFC,Kolkata,Fast Food,P113,Bike,1059,22,35,Medium,4,Delivered
1952,2026-01-25,C228,KFC,Kolkata,Fast Food,P101,Bike,960,19,20,Low,5,Delivered
1953,2026-03-22,C156,KFC,Kolkata,Fast Food,P108,Bike,705,19,58,High,2,Delivered
1954,2026-03-19,C108,Pizza Hut,Kolkata,Pizza,P101,Bike,1040,23,35,Low,4,Delivered
1955,2026-03-12,C100,Burger King,Kolkata,Burgers,P119,Bike,266,16,18,Low,5,Delivered
1956,2026-01-17,C133,Subway,Kolkata,Sandwiches,P119,Bike,1102,10,22,Low,5,Delivered
1957,2026-03-30,C273,Subway,Kolkata,Sandwiches,P120,Scooter,897,16,58,High,2,Delivered
1958,2026-02-24,C027,Subway,Kolkata,Sandwiches,P111,Scooter,1064,8,63,High,2,Delivered
1959,2026-01-06,C115,Burger King,Kolkata,Burgers,P102,Scooter,1140,24,19,Low,5,Delivered
1960,2026-01-01,C201,Burger King,Kolkata,Burgers,P107,Scooter,283,18,39,Medium,4,Delivered
1961,2026-01-10,C128,Subway,Kolkata,Sandwiches,P107,Bike,537,15,61,High,2,Delivered
1962,2026-01-04,C246,Pizza Hut,Kolkata,Pizza,P114,Bike,806,11,24,Low,5,Delivered
1963,2026-02-13,C028,Pizza Hut,Kolkata,Pizza,P111,Bike,1166,15,58,High,2,Delivered
1964,2026-01-13,C229,KFC,Kolkata,Fast Food,P119,Bike,287,22,57,High,2,Delivered
1965,2026-01-09,C066,KFC,Kolkata,Fast Food,P102,Scooter,256,20,50,High,3,Delivered
1966,2026-01-09,C053,Pizza Hut,Kolkata,Pizza,P102,Bike,501,21,48,Medium,3,Delivered
1967,2026-03-26,C006,Burger King,Kolkata,Burgers,P115,Scooter,675,21,38,Medium,4,Delivered
1968,2026-02-13,C014,Burger King,Kolkata,Burgers,P115,Scooter,801,11,63,High,2,Delivered
1969,2026-01-25,C294,Dominos,Kolkata,Pizza,P105,Scooter,563,8,31,Low,4,Delivered
1970,2026-01-24,C125,Burger King,Kolkata,Burgers,P105,Bike,261,22,36,Medium,4,Delivered
1971,2026-02-15,C160,Dominos,Kolkata,Pizza,P119,Bike,350,21,37,Medium,4,Delivered
1972,2026-02-07,C189,Burger King,Kolkata,Burgers,P101,Bike,258,18,37,Medium,4,Delivered
1973,2026-01-26,C103,Dominos,Kolkata,Pizza,P107,Bike,549,25,49,Medium,3,Delivered
1974,2026-03-18,C170,Dominos,Kolkata,Pizza,P119,Scooter,830,22,41,Medium,4,Delivered
1975,2026-01-06,C254,Pizza Hut,Kolkata,Pizza,P108,Bike,854,13,47,Medium,3,Delivered
1976,2026-03-21,C110,Dominos,Kolkata,Pizza,P108,Scooter,952,22,53,Medium,3,Delivered
1977,2026-01-01,C186,Pizza Hut,Kolkata,Pizza,P101,Bike,566,20,56,High,2,Delivered
1978,2026-02-07,C226,KFC,Kolkata,Fast Food,P107,Scooter,244,12,41,Medium,4,Delivered
1979,2026-01-23,C174,KFC,Kolkata,Fast Food,P118,Bike,382,17,30,Low,4,Delivered
1980,2026-01-13,C011,Dominos,Kolkata,Pizza,P105,Scooter,870,16,44,Low,4,Delivered
1981,2026-02-17,C088,KFC,Kolkata,Fast Food,P117,Scooter,1099,14,36,Medium,4,Delivered
1982,2026-01-25,C099,KFC,Kolkata,Fast Food,P118,Scooter,911,12,29,Low,5,Delivered
1983,2026-01-06,C097,Pizza Hut,Kolkata,Pizza,P118,Scooter,1008,21,42,Medium,4,Delivered
1984,2026-03-22,C144,Dominos,Kolkata,Pizza,P105,Scooter,414,9,45,Medium,3,Delivered
1985,2026-03-24,C261,KFC,Kolkata,Fast Food,P112,Scooter,731,10,57,High,2,Delivered
1986,2026-03-09,C248,Burger King,Kolkata,Burgers,P116,Scooter,474,19,30,Low,4,Delivered
1987,2026-02-27,C121,Subway,Kolkata,Sandwiches,P113,Bike,513,9,41,Medium,4,Delivered
1988,2026-02-17,C131,Burger King,Kolkata,Burgers,P118,Bike,337,13,67,High,1,Delivered
1989,2026-03-01,C263,KFC,Kolkata,Fast Food,P120,Scooter,636,24,20,Low,5,Delivered
1990,2026-02-17,C255,Burger King,Kolkata,Burgers,P111,Scooter,591,21,44,Medium,4,Delivered
1991,2026-01-11,C151,KFC,Kolkata,Fast Food,P117,Bike,1004,15,24,Low,5,Delivered
1992,2026-01-16,C037,Pizza Hut,Kolkata,Pizza,P112,Bike,759,11,57,High,2,Delivered
1993,2026-03-29,C141,Dominos,Kolkata,Pizza,P107,Bike,1075,18,45,Medium,3,Delivered
1994,2026-02-08,C145,Subway,Kolkata,Sandwiches,P112,Scooter,1168,8,64,High,2,Delivered
1995,2026-01-20,C204,Burger King,Kolkata,Burgers,P108,Bike,940,8,47,High,3,Delivered
1996,2026-03-17,C283,Dominos,Kolkata,Pizza,P115,Scooter,548,24,47,Medium,3,Delivered
1997,2026-02-23,C108,KFC,Kolkata,Fast Food,P115,Scooter,1073,14,25,Medium,5,Delivered
1998,2026-03-15,C066,Subway,Kolkata,Sandwiches,P110,Bike,711,12,31,Low,4,Delivered
1999,2026-03-30,C276,Pizza Hut,Kolkata,Pizza,P110,Scooter,801,21,29,Medium,5,Delivered
2000,2026-01-18,C079,KFC,Kolkata,Fast Food,P111,Scooter,590,9,42,Medium,4,Delivered
